id,firstname,lastname,email,email2,profession
100,Hildegaard,Anyah,Hildegaard.Anyah@yopmail.com,Hildegaard.Anyah@gmail.com,firefighter
101,Estell,Zina,Estell.Zina@yopmail.com,Estell.Zina@gmail.com,doctor
102,Kassey,Allare,Kassey.Allare@yopmail.com,Kassey.Allare@gmail.com,doctor
103,Verla,Delp,Verla.Delp@yopmail.com,Verla.Delp@gmail.com,doctor
104,Marjie,Ahab,Marjie.Ahab@yopmail.com,Marjie.Ahab@gmail.com,worker
105,Wileen,Valerio,Wileen.Valerio@yopmail.com,Wileen.Valerio@gmail.com,developer
106,Violet,Mott,Violet.Mott@yopmail.com,Violet.Mott@gmail.com,developer
107,Zia,Cimbura,Zia.Cimbura@yopmail.com,Zia.Cimbura@gmail.com,developer
108,Eugine,Kamaria,Eugine.Kamaria@yopmail.com,Eugine.Kamaria@gmail.com,police officer
109,Vivia,Read,Vivia.Read@yopmail.com,Vivia.Read@gmail.com,doctor
110,Myriam,Maples,Myriam.Maples@yopmail.com,Myriam.Maples@gmail.com,firefighter
111,Roxane,Salchunas,Roxane.Salchunas@yopmail.com,Roxane.Salchunas@gmail.com,firefighter
112,Hermione,Goldina,Hermione.Goldina@yopmail.com,Hermione.Goldina@gmail.com,doctor
113,Layla,Aprile,Layla.Aprile@yopmail.com,Layla.Aprile@gmail.com,police officer
114,Netty,Johnsson,Netty.Johnsson@yopmail.com,Netty.Johnsson@gmail.com,developer
115,Andree,Tippets,Andree.Tippets@yopmail.com,Andree.Tippets@gmail.com,developer
116,Harmonia,Stefa,Harmonia.Stefa@yopmail.com,Harmonia.Stefa@gmail.com,police officer
117,Joy,Lumbard,Joy.Lumbard@yopmail.com,Joy.Lumbard@gmail.com,worker
118,Fernande,Borrell,Fernande.Borrell@yopmail.com,Fernande.Borrell@gmail.com,worker
119,Carly,Tacye,Carly.Tacye@yopmail.com,Carly.Tacye@gmail.com,worker
120,Gale,Wildermuth,Gale.Wildermuth@yopmail.com,Gale.Wildermuth@gmail.com,worker
121,Devina,Eckblad,Devina.Eckblad@yopmail.com,Devina.Eckblad@gmail.com,police officer
122,Raina,Fairweather,Raina.Fairweather@yopmail.com,Raina.Fairweather@gmail.com,doctor
123,Lucy,Haerr,Lucy.Haerr@yopmail.com,Lucy.Haerr@gmail.com,police officer
124,Joeann,Reneta,Joeann.Reneta@yopmail.com,Joeann.Reneta@gmail.com,worker
125,Jaclyn,Junie,Jaclyn.Junie@yopmail.com,Jaclyn.Junie@gmail.com,worker
126,Constance,Ehrman,Constance.Ehrman@yopmail.com,Constance.Ehrman@gmail.com,developer
127,Dale,Justinn,Dale.Justinn@yopmail.com,Dale.Justinn@gmail.com,firefighter
128,Feliza,Bouchard,Feliza.Bouchard@yopmail.com,Feliza.Bouchard@gmail.com,doctor
129,Di,An,Di.An@yopmail.com,Di.An@gmail.com,developer
130,Clary,Woodberry,Clary.Woodberry@yopmail.com,Clary.Woodberry@gmail.com,doctor
131,Lanae,Hachmin,Lanae.Hachmin@yopmail.com,Lanae.Hachmin@gmail.com,firefighter
132,Mallory,Couture,Mallory.Couture@yopmail.com,Mallory.Couture@gmail.com,doctor
133,Atlanta,Korey,Atlanta.Korey@yopmail.com,Atlanta.Korey@gmail.com,firefighter
134,Fina,Shuler,Fina.Shuler@yopmail.com,Fina.Shuler@gmail.com,doctor
135,Tobe,Iiette,Tobe.Iiette@yopmail.com,Tobe.Iiette@gmail.com,worker
136,Cordi,Harriman,Cordi.Harriman@yopmail.com,Cordi.Harriman@gmail.com,developer
137,Claudina,Anyah,Claudina.Anyah@yopmail.com,Claudina.Anyah@gmail.com,developer
138,Jennica,Sawtelle,Jennica.Sawtelle@yopmail.com,Jennica.Sawtelle@gmail.com,doctor
139,Mathilda,Beebe,Mathilda.Beebe@yopmail.com,Mathilda.Beebe@gmail.com,doctor
140,Ingrid,Latini,Ingrid.Latini@yopmail.com,Ingrid.Latini@gmail.com,doctor
141,Sabina,Milde,Sabina.Milde@yopmail.com,Sabina.Milde@gmail.com,police officer
142,Jacquetta,Eliathas,Jacquetta.Eliathas@yopmail.com,Jacquetta.Eliathas@gmail.com,police officer
143,Aurore,Codding,Aurore.Codding@yopmail.com,Aurore.Codding@gmail.com,firefighter
144,Charmaine,Lissi,Charmaine.Lissi@yopmail.com,Charmaine.Lissi@gmail.com,police officer
145,Margarette,Harday,Margarette.Harday@yopmail.com,Margarette.Harday@gmail.com,police officer
146,Elbertina,Crudden,Elbertina.Crudden@yopmail.com,Elbertina.Crudden@gmail.com,worker
147,Concettina,Weide,Concettina.Weide@yopmail.com,Concettina.Weide@gmail.com,worker
148,Vivia,Stephie,Vivia.Stephie@yopmail.com,Vivia.Stephie@gmail.com,police officer
149,Bernardine,Ciapas,Bernardine.Ciapas@yopmail.com,Bernardine.Ciapas@gmail.com,worker
150,Kore,Hazlett,Kore.Hazlett@yopmail.com,Kore.Hazlett@gmail.com,developer
151,Lynea,Waite,Lynea.Waite@yopmail.com,Lynea.Waite@gmail.com,doctor
152,Alie,Ursulette,Alie.Ursulette@yopmail.com,Alie.Ursulette@gmail.com,police officer
153,Max,Evangelia,Max.Evangelia@yopmail.com,Max.Evangelia@gmail.com,police officer
154,Linzy,Alice,Linzy.Alice@yopmail.com,Linzy.Alice@gmail.com,worker
155,Kimmy,Palocz,Kimmy.Palocz@yopmail.com,Kimmy.Palocz@gmail.com,worker
156,Rosanne,Tayib,Rosanne.Tayib@yopmail.com,Rosanne.Tayib@gmail.com,doctor
157,Linzy,Randene,Linzy.Randene@yopmail.com,Linzy.Randene@gmail.com,firefighter
158,Hyacinthe,Wesle,Hyacinthe.Wesle@yopmail.com,Hyacinthe.Wesle@gmail.com,firefighter
159,Vivia,Erlandson,Vivia.Erlandson@yopmail.com,Vivia.Erlandson@gmail.com,police officer
160,Lilith,Norvol,Lilith.Norvol@yopmail.com,Lilith.Norvol@gmail.com,firefighter
161,Sophia,Carvey,Sophia.Carvey@yopmail.com,Sophia.Carvey@gmail.com,developer
162,Eugine,Rheingold,Eugine.Rheingold@yopmail.com,Eugine.Rheingold@gmail.com,police officer
163,Mamie,Eben,Mamie.Eben@yopmail.com,Mamie.Eben@gmail.com,firefighter
164,Dominga,Earlie,Dominga.Earlie@yopmail.com,Dominga.Earlie@gmail.com,police officer
165,Ardeen,Jary,Ardeen.Jary@yopmail.com,Ardeen.Jary@gmail.com,police officer
166,Lorenza,Niccolo,Lorenza.Niccolo@yopmail.com,Lorenza.Niccolo@gmail.com,police officer
167,Charissa,Ailyn,Charissa.Ailyn@yopmail.com,Charissa.Ailyn@gmail.com,police officer
168,Ericka,Edmund,Ericka.Edmund@yopmail.com,Ericka.Edmund@gmail.com,doctor
169,Ernesta,Love,Ernesta.Love@yopmail.com,Ernesta.Love@gmail.com,firefighter
170,Jan,Tengdin,Jan.Tengdin@yopmail.com,Jan.Tengdin@gmail.com,police officer
171,Collen,Colbert,Collen.Colbert@yopmail.com,Collen.Colbert@gmail.com,police officer
172,Netty,Carlson,Netty.Carlson@yopmail.com,Netty.Carlson@gmail.com,worker
173,Clo,Agle,Clo.Agle@yopmail.com,Clo.Agle@gmail.com,police officer
174,June,Charmine,June.Charmine@yopmail.com,June.Charmine@gmail.com,firefighter
175,Minda,Ardeha,Minda.Ardeha@yopmail.com,Minda.Ardeha@gmail.com,developer
176,Arlina,Lutero,Arlina.Lutero@yopmail.com,Arlina.Lutero@gmail.com,firefighter
177,Jacquetta,Hubert,Jacquetta.Hubert@yopmail.com,Jacquetta.Hubert@gmail.com,developer
178,Lanna,Burkle,Lanna.Burkle@yopmail.com,Lanna.Burkle@gmail.com,doctor
179,Wileen,Gunn,Wileen.Gunn@yopmail.com,Wileen.Gunn@gmail.com,police officer
180,Jan,Roumell,Jan.Roumell@yopmail.com,Jan.Roumell@gmail.com,doctor
181,Clementine,Jillane,Clementine.Jillane@yopmail.com,Clementine.Jillane@gmail.com,firefighter
182,Kathy,Bates,Kathy.Bates@yopmail.com,Kathy.Bates@gmail.com,firefighter
183,Oona,Niles,Oona.Niles@yopmail.com,Oona.Niles@gmail.com,developer
184,Tori,Cath,Tori.Cath@yopmail.com,Tori.Cath@gmail.com,developer
185,Lila,Helfand,Lila.Helfand@yopmail.com,Lila.Helfand@gmail.com,developer
186,Lacie,Hoenack,Lacie.Hoenack@yopmail.com,Lacie.Hoenack@gmail.com,firefighter
187,Maridel,Lasley,Maridel.Lasley@yopmail.com,Maridel.Lasley@gmail.com,developer
188,Roxane,Florina,Roxane.Florina@yopmail.com,Roxane.Florina@gmail.com,worker
189,Lilith,Konyn,Lilith.Konyn@yopmail.com,Lilith.Konyn@gmail.com,worker
190,Orelia,Moina,Orelia.Moina@yopmail.com,Orelia.Moina@gmail.com,police officer
191,Wynne,Hortensia,Wynne.Hortensia@yopmail.com,Wynne.Hortensia@gmail.com,developer
192,Candy,Pond,Candy.Pond@yopmail.com,Candy.Pond@gmail.com,firefighter
193,Berget,Forrer,Berget.Forrer@yopmail.com,Berget.Forrer@gmail.com,developer
194,Alleen,Anyah,Alleen.Anyah@yopmail.com,Alleen.Anyah@gmail.com,doctor
195,Ashlee,Daegal,Ashlee.Daegal@yopmail.com,Ashlee.Daegal@gmail.com,worker
196,Cecile,Lilybelle,Cecile.Lilybelle@yopmail.com,Cecile.Lilybelle@gmail.com,police officer
197,Aimil,Anastatius,Aimil.Anastatius@yopmail.com,Aimil.Anastatius@gmail.com,firefighter
198,Genovera,Darian,Genovera.Darian@yopmail.com,Genovera.Darian@gmail.com,doctor
199,Konstance,Rosalba,Konstance.Rosalba@yopmail.com,Konstance.Rosalba@gmail.com,developer
200,Allyce,Tatianas,Allyce.Tatianas@yopmail.com,Allyce.Tatianas@gmail.com,developer
201,Andree,Loleta,Andree.Loleta@yopmail.com,Andree.Loleta@gmail.com,worker
202,Fred,Vernier,Fred.Vernier@yopmail.com,Fred.Vernier@gmail.com,police officer
203,Lorne,Henrie,Lorne.Henrie@yopmail.com,Lorne.Henrie@gmail.com,doctor
204,Annecorinne,Engdahl,Annecorinne.Engdahl@yopmail.com,Annecorinne.Engdahl@gmail.com,developer
205,Silvana,Kenney,Silvana.Kenney@yopmail.com,Silvana.Kenney@gmail.com,firefighter
206,Florencia,Kiyoshi,Florencia.Kiyoshi@yopmail.com,Florencia.Kiyoshi@gmail.com,developer
207,Gwenneth,Leifeste,Gwenneth.Leifeste@yopmail.com,Gwenneth.Leifeste@gmail.com,developer
208,Lexine,Turne,Lexine.Turne@yopmail.com,Lexine.Turne@gmail.com,developer
209,Ayn,Isidore,Ayn.Isidore@yopmail.com,Ayn.Isidore@gmail.com,firefighter
210,Stacey,Ajay,Stacey.Ajay@yopmail.com,Stacey.Ajay@gmail.com,developer
211,Adore,Pond,Adore.Pond@yopmail.com,Adore.Pond@gmail.com,worker
212,Lynnea,Gwenore,Lynnea.Gwenore@yopmail.com,Lynnea.Gwenore@gmail.com,firefighter
213,Lorne,Cleo,Lorne.Cleo@yopmail.com,Lorne.Cleo@gmail.com,doctor
214,Mathilda,Yate,Mathilda.Yate@yopmail.com,Mathilda.Yate@gmail.com,worker
215,Valeda,Torray,Valeda.Torray@yopmail.com,Valeda.Torray@gmail.com,developer
216,Juliane,Laurianne,Juliane.Laurianne@yopmail.com,Juliane.Laurianne@gmail.com,police officer
217,Goldie,Codding,Goldie.Codding@yopmail.com,Goldie.Codding@gmail.com,developer
218,Dolli,Bivins,Dolli.Bivins@yopmail.com,Dolli.Bivins@gmail.com,doctor
219,Bernie,Chick,Bernie.Chick@yopmail.com,Bernie.Chick@gmail.com,developer
220,Marguerite,Trace,Marguerite.Trace@yopmail.com,Marguerite.Trace@gmail.com,worker
221,Katuscha,Albertine,Katuscha.Albertine@yopmail.com,Katuscha.Albertine@gmail.com,firefighter
222,Mady,Kinnard,Mady.Kinnard@yopmail.com,Mady.Kinnard@gmail.com,worker
223,Cristine,Louanna,Cristine.Louanna@yopmail.com,Cristine.Louanna@gmail.com,doctor
224,Candy,Valoniah,Candy.Valoniah@yopmail.com,Candy.Valoniah@gmail.com,worker
225,Sheelagh,Smitt,Sheelagh.Smitt@yopmail.com,Sheelagh.Smitt@gmail.com,worker
226,Alleen,Gaal,Alleen.Gaal@yopmail.com,Alleen.Gaal@gmail.com,police officer
227,Carilyn,Bebe,Carilyn.Bebe@yopmail.com,Carilyn.Bebe@gmail.com,firefighter
228,Benita,Shama,Benita.Shama@yopmail.com,Benita.Shama@gmail.com,worker
229,Nerta,Stevy,Nerta.Stevy@yopmail.com,Nerta.Stevy@gmail.com,firefighter
230,Dode,Cordi,Dode.Cordi@yopmail.com,Dode.Cordi@gmail.com,firefighter
231,Laure,Eben,Laure.Eben@yopmail.com,Laure.Eben@gmail.com,developer
232,Roberta,Fulmer,Roberta.Fulmer@yopmail.com,Roberta.Fulmer@gmail.com,developer
233,Beatriz,Kazimir,Beatriz.Kazimir@yopmail.com,Beatriz.Kazimir@gmail.com,police officer
234,Ashlee,Odysseus,Ashlee.Odysseus@yopmail.com,Ashlee.Odysseus@gmail.com,police officer
235,Lorenza,Seagraves,Lorenza.Seagraves@yopmail.com,Lorenza.Seagraves@gmail.com,worker
236,Mureil,Cadmar,Mureil.Cadmar@yopmail.com,Mureil.Cadmar@gmail.com,doctor
237,Edyth,Percy,Edyth.Percy@yopmail.com,Edyth.Percy@gmail.com,police officer
238,Pearline,Xerxes,Pearline.Xerxes@yopmail.com,Pearline.Xerxes@gmail.com,doctor
239,Marjie,Paine,Marjie.Paine@yopmail.com,Marjie.Paine@gmail.com,police officer
240,Inga,Katrine,Inga.Katrine@yopmail.com,Inga.Katrine@gmail.com,police officer
241,Gratia,Glenden,Gratia.Glenden@yopmail.com,Gratia.Glenden@gmail.com,worker
242,Odessa,Darrell,Odessa.Darrell@yopmail.com,Odessa.Darrell@gmail.com,police officer
243,Edee,Dudley,Edee.Dudley@yopmail.com,Edee.Dudley@gmail.com,worker
244,Marsiella,Yusuk,Marsiella.Yusuk@yopmail.com,Marsiella.Yusuk@gmail.com,worker
245,Ketti,Santoro,Ketti.Santoro@yopmail.com,Ketti.Santoro@gmail.com,developer
246,Tomasina,Zaslow,Tomasina.Zaslow@yopmail.com,Tomasina.Zaslow@gmail.com,developer
247,Jeanna,Pernick,Jeanna.Pernick@yopmail.com,Jeanna.Pernick@gmail.com,doctor
248,Ashlee,Montgomery,Ashlee.Montgomery@yopmail.com,Ashlee.Montgomery@gmail.com,worker
249,Sophia,Cath,Sophia.Cath@yopmail.com,Sophia.Cath@gmail.com,doctor
250,Zsa Zsa,Saunderson,Zsa Zsa.Saunderson@yopmail.com,Zsa Zsa.Saunderson@gmail.com,police officer
251,Amara,Buckler,Amara.Buckler@yopmail.com,Amara.Buckler@gmail.com,developer
252,Sam,Breed,Sam.Breed@yopmail.com,Sam.Breed@gmail.com,police officer
253,Kylynn,Anastatius,Kylynn.Anastatius@yopmail.com,Kylynn.Anastatius@gmail.com,firefighter
254,Vivia,Cherianne,Vivia.Cherianne@yopmail.com,Vivia.Cherianne@gmail.com,developer
255,Chickie,Nerita,Chickie.Nerita@yopmail.com,Chickie.Nerita@gmail.com,doctor
256,Priscilla,Kathie,Priscilla.Kathie@yopmail.com,Priscilla.Kathie@gmail.com,firefighter
257,Bernardine,Jerold,Bernardine.Jerold@yopmail.com,Bernardine.Jerold@gmail.com,firefighter
258,Brana,Kirbee,Brana.Kirbee@yopmail.com,Brana.Kirbee@gmail.com,firefighter
259,Sindee,Carlson,Sindee.Carlson@yopmail.com,Sindee.Carlson@gmail.com,worker
260,Fayre,Iiette,Fayre.Iiette@yopmail.com,Fayre.Iiette@gmail.com,developer
261,Cacilie,Orelee,Cacilie.Orelee@yopmail.com,Cacilie.Orelee@gmail.com,developer
262,Shandie,Buttaro,Shandie.Buttaro@yopmail.com,Shandie.Buttaro@gmail.com,developer
263,Cacilie,Cutlerr,Cacilie.Cutlerr@yopmail.com,Cacilie.Cutlerr@gmail.com,firefighter
264,Dede,Stav,Dede.Stav@yopmail.com,Dede.Stav@gmail.com,doctor
265,Gaylene,Goth,Gaylene.Goth@yopmail.com,Gaylene.Goth@gmail.com,doctor
266,Marline,Pauly,Marline.Pauly@yopmail.com,Marline.Pauly@gmail.com,police officer
267,Viki,Earlie,Viki.Earlie@yopmail.com,Viki.Earlie@gmail.com,developer
268,Nadine,Lutero,Nadine.Lutero@yopmail.com,Nadine.Lutero@gmail.com,developer
269,Raf,Munn,Raf.Munn@yopmail.com,Raf.Munn@gmail.com,doctor
270,Nikki,Dorcy,Nikki.Dorcy@yopmail.com,Nikki.Dorcy@gmail.com,firefighter
271,Pierette,Wiener,Pierette.Wiener@yopmail.com,Pierette.Wiener@gmail.com,doctor
272,Margette,Seumas,Margette.Seumas@yopmail.com,Margette.Seumas@gmail.com,firefighter
273,Lynea,Pozzy,Lynea.Pozzy@yopmail.com,Lynea.Pozzy@gmail.com,police officer
274,Noelle,Ephrem,Noelle.Ephrem@yopmail.com,Noelle.Ephrem@gmail.com,developer
275,Wilma,Kaete,Wilma.Kaete@yopmail.com,Wilma.Kaete@gmail.com,police officer
276,Julieta,Tannie,Julieta.Tannie@yopmail.com,Julieta.Tannie@gmail.com,worker
277,Frances,Brunell,Frances.Brunell@yopmail.com,Frances.Brunell@gmail.com,developer
278,Molli,Berard,Molli.Berard@yopmail.com,Molli.Berard@gmail.com,firefighter
279,Nananne,Chem,Nananne.Chem@yopmail.com,Nananne.Chem@gmail.com,developer
280,Bettine,Mata,Bettine.Mata@yopmail.com,Bettine.Mata@gmail.com,developer
281,Betta,Mott,Betta.Mott@yopmail.com,Betta.Mott@gmail.com,firefighter
282,Tomasina,McClimans,Tomasina.McClimans@yopmail.com,Tomasina.McClimans@gmail.com,worker
283,Beatriz,Dichy,Beatriz.Dichy@yopmail.com,Beatriz.Dichy@gmail.com,worker
284,Glenda,Aida,Glenda.Aida@yopmail.com,Glenda.Aida@gmail.com,doctor
285,Nanete,Justinn,Nanete.Justinn@yopmail.com,Nanete.Justinn@gmail.com,firefighter
286,Lucy,Mallon,Lucy.Mallon@yopmail.com,Lucy.Mallon@gmail.com,developer
287,Kamilah,Olnee,Kamilah.Olnee@yopmail.com,Kamilah.Olnee@gmail.com,developer
288,Elka,Whittaker,Elka.Whittaker@yopmail.com,Elka.Whittaker@gmail.com,developer
289,Nikki,Pulsifer,Nikki.Pulsifer@yopmail.com,Nikki.Pulsifer@gmail.com,firefighter
290,Laure,Amand,Laure.Amand@yopmail.com,Laure.Amand@gmail.com,firefighter
291,Dari,Nahum,Dari.Nahum@yopmail.com,Dari.Nahum@gmail.com,police officer
292,Elise,Arquit,Elise.Arquit@yopmail.com,Elise.Arquit@gmail.com,police officer
293,Aili,Dowski,Aili.Dowski@yopmail.com,Aili.Dowski@gmail.com,worker
294,Kassey,Andrel,Kassey.Andrel@yopmail.com,Kassey.Andrel@gmail.com,doctor
295,Viki,Edee,Viki.Edee@yopmail.com,Viki.Edee@gmail.com,developer
296,Jerry,Zitvaa,Jerry.Zitvaa@yopmail.com,Jerry.Zitvaa@gmail.com,doctor
297,Penelopa,Janith,Penelopa.Janith@yopmail.com,Penelopa.Janith@gmail.com,worker
298,Valli,Fairweather,Valli.Fairweather@yopmail.com,Valli.Fairweather@gmail.com,police officer
299,Felice,Gillan,Felice.Gillan@yopmail.com,Felice.Gillan@gmail.com,firefighter
300,Julieta,Yerkovich,Julieta.Yerkovich@yopmail.com,Julieta.Yerkovich@gmail.com,worker
301,Suzette,Emanuel,Suzette.Emanuel@yopmail.com,Suzette.Emanuel@gmail.com,developer
302,Mahalia,Hepsibah,Mahalia.Hepsibah@yopmail.com,Mahalia.Hepsibah@gmail.com,police officer
303,Hermione,Toni,Hermione.Toni@yopmail.com,Hermione.Toni@gmail.com,doctor
304,Lilith,Fosque,Lilith.Fosque@yopmail.com,Lilith.Fosque@gmail.com,police officer
305,Florie,Dalli,Florie.Dalli@yopmail.com,Florie.Dalli@gmail.com,worker
306,Kaja,Madaih,Kaja.Madaih@yopmail.com,Kaja.Madaih@gmail.com,worker
307,Rosabelle,Thar,Rosabelle.Thar@yopmail.com,Rosabelle.Thar@gmail.com,developer
308,Merle,Stoller,Merle.Stoller@yopmail.com,Merle.Stoller@gmail.com,developer
309,Gerrie,Neils,Gerrie.Neils@yopmail.com,Gerrie.Neils@gmail.com,firefighter
310,Anallese,Kellby,Anallese.Kellby@yopmail.com,Anallese.Kellby@gmail.com,worker
311,Fayre,Iaverne,Fayre.Iaverne@yopmail.com,Fayre.Iaverne@gmail.com,firefighter
312,Shell,Shuler,Shell.Shuler@yopmail.com,Shell.Shuler@gmail.com,firefighter
313,Kirbee,Krystle,Kirbee.Krystle@yopmail.com,Kirbee.Krystle@gmail.com,doctor
314,Elena,Gunn,Elena.Gunn@yopmail.com,Elena.Gunn@gmail.com,doctor
315,Demetris,Merat,Demetris.Merat@yopmail.com,Demetris.Merat@gmail.com,firefighter
316,Ana,Edvard,Ana.Edvard@yopmail.com,Ana.Edvard@gmail.com,worker
317,Talya,Alice,Talya.Alice@yopmail.com,Talya.Alice@gmail.com,police officer
318,Amalie,Prober,Amalie.Prober@yopmail.com,Amalie.Prober@gmail.com,worker
319,Sheree,Pearse,Sheree.Pearse@yopmail.com,Sheree.Pearse@gmail.com,doctor
320,Corry,Agle,Corry.Agle@yopmail.com,Corry.Agle@gmail.com,worker
321,Pierette,Ludewig,Pierette.Ludewig@yopmail.com,Pierette.Ludewig@gmail.com,doctor
322,Alyssa,August,Alyssa.August@yopmail.com,Alyssa.August@gmail.com,police officer
323,Kate,Albertine,Kate.Albertine@yopmail.com,Kate.Albertine@gmail.com,developer
324,Ilse,Othilia,Ilse.Othilia@yopmail.com,Ilse.Othilia@gmail.com,firefighter
325,Lonnie,Latini,Lonnie.Latini@yopmail.com,Lonnie.Latini@gmail.com,doctor
326,Kimmy,Mayeda,Kimmy.Mayeda@yopmail.com,Kimmy.Mayeda@gmail.com,doctor
327,Millie,Drisko,Millie.Drisko@yopmail.com,Millie.Drisko@gmail.com,doctor
328,Harmonia,Sprage,Harmonia.Sprage@yopmail.com,Harmonia.Sprage@gmail.com,worker
329,Olivette,Danby,Olivette.Danby@yopmail.com,Olivette.Danby@gmail.com,firefighter
330,Drucie,Isidore,Drucie.Isidore@yopmail.com,Drucie.Isidore@gmail.com,doctor
331,Allyce,Cohdwell,Allyce.Cohdwell@yopmail.com,Allyce.Cohdwell@gmail.com,doctor
332,Minne,Johanna,Minne.Johanna@yopmail.com,Minne.Johanna@gmail.com,firefighter
333,Kellen,Howlyn,Kellen.Howlyn@yopmail.com,Kellen.Howlyn@gmail.com,police officer
334,Corry,Hunfredo,Corry.Hunfredo@yopmail.com,Corry.Hunfredo@gmail.com,police officer
335,Lucy,Berl,Lucy.Berl@yopmail.com,Lucy.Berl@gmail.com,firefighter
336,Bibby,Craggie,Bibby.Craggie@yopmail.com,Bibby.Craggie@gmail.com,developer
337,Rosanne,Carleen,Rosanne.Carleen@yopmail.com,Rosanne.Carleen@gmail.com,doctor
338,Briney,Vharat,Briney.Vharat@yopmail.com,Briney.Vharat@gmail.com,worker
339,Bobbi,Quent,Bobbi.Quent@yopmail.com,Bobbi.Quent@gmail.com,worker
340,Starla,Truc,Starla.Truc@yopmail.com,Starla.Truc@gmail.com,doctor
341,Wilma,Concha,Wilma.Concha@yopmail.com,Wilma.Concha@gmail.com,worker
342,Susan,Rodmann,Susan.Rodmann@yopmail.com,Susan.Rodmann@gmail.com,police officer
343,Pamella,Gusella,Pamella.Gusella@yopmail.com,Pamella.Gusella@gmail.com,police officer
344,Annecorinne,Alabaster,Annecorinne.Alabaster@yopmail.com,Annecorinne.Alabaster@gmail.com,developer
345,Jackie,Izaak,Jackie.Izaak@yopmail.com,Jackie.Izaak@gmail.com,police officer
346,Teriann,Raychel,Teriann.Raychel@yopmail.com,Teriann.Raychel@gmail.com,worker
347,Brooks,Merna,Brooks.Merna@yopmail.com,Brooks.Merna@gmail.com,police officer
348,Babita,Raffo,Babita.Raffo@yopmail.com,Babita.Raffo@gmail.com,firefighter
349,Farrah,Tybald,Farrah.Tybald@yopmail.com,Farrah.Tybald@gmail.com,police officer
350,Calla,Hillel,Calla.Hillel@yopmail.com,Calla.Hillel@gmail.com,developer
351,Theodora,Ferino,Theodora.Ferino@yopmail.com,Theodora.Ferino@gmail.com,firefighter
352,Maurene,Harriman,Maurene.Harriman@yopmail.com,Maurene.Harriman@gmail.com,developer
353,Alexine,Gombach,Alexine.Gombach@yopmail.com,Alexine.Gombach@gmail.com,doctor
354,Anestassia,Bakerman,Anestassia.Bakerman@yopmail.com,Anestassia.Bakerman@gmail.com,police officer
355,Judy,Girardo,Judy.Girardo@yopmail.com,Judy.Girardo@gmail.com,police officer
356,Damaris,Ochs,Damaris.Ochs@yopmail.com,Damaris.Ochs@gmail.com,worker
357,Rhoda,Rugen,Rhoda.Rugen@yopmail.com,Rhoda.Rugen@gmail.com,doctor
358,Dyann,Karl,Dyann.Karl@yopmail.com,Dyann.Karl@gmail.com,doctor
359,Netty,Linehan,Netty.Linehan@yopmail.com,Netty.Linehan@gmail.com,police officer
360,Wendi,Jacinda,Wendi.Jacinda@yopmail.com,Wendi.Jacinda@gmail.com,developer
361,Charissa,Allys,Charissa.Allys@yopmail.com,Charissa.Allys@gmail.com,police officer
362,Vinita,Poppy,Vinita.Poppy@yopmail.com,Vinita.Poppy@gmail.com,developer
363,Jinny,Ashely,Jinny.Ashely@yopmail.com,Jinny.Ashely@gmail.com,worker
364,Jessy,Nester,Jessy.Nester@yopmail.com,Jessy.Nester@gmail.com,worker
365,Caressa,Francyne,Caressa.Francyne@yopmail.com,Caressa.Francyne@gmail.com,police officer
366,Coral,Elisha,Coral.Elisha@yopmail.com,Coral.Elisha@gmail.com,doctor
367,Aili,Morgun,Aili.Morgun@yopmail.com,Aili.Morgun@gmail.com,firefighter
368,Cyndie,Ahab,Cyndie.Ahab@yopmail.com,Cyndie.Ahab@gmail.com,police officer
369,Iseabal,Faso,Iseabal.Faso@yopmail.com,Iseabal.Faso@gmail.com,firefighter
370,Kamilah,Nadia,Kamilah.Nadia@yopmail.com,Kamilah.Nadia@gmail.com,doctor
371,Karlee,Bahr,Karlee.Bahr@yopmail.com,Karlee.Bahr@gmail.com,doctor
372,Vita,Munn,Vita.Munn@yopmail.com,Vita.Munn@gmail.com,worker
373,Estell,Yerkovich,Estell.Yerkovich@yopmail.com,Estell.Yerkovich@gmail.com,developer
374,Collen,Clarissa,Collen.Clarissa@yopmail.com,Collen.Clarissa@gmail.com,police officer
375,Ebonee,Garrison,Ebonee.Garrison@yopmail.com,Ebonee.Garrison@gmail.com,doctor
376,Inga,Ardra,Inga.Ardra@yopmail.com,Inga.Ardra@gmail.com,developer
377,Karina,Georas,Karina.Georas@yopmail.com,Karina.Georas@gmail.com,firefighter
378,Joy,Ranjiv,Joy.Ranjiv@yopmail.com,Joy.Ranjiv@gmail.com,developer
379,Mary,Xerxes,Mary.Xerxes@yopmail.com,Mary.Xerxes@gmail.com,police officer
380,Eadie,Rebecka,Eadie.Rebecka@yopmail.com,Eadie.Rebecka@gmail.com,police officer
381,Betta,Odell,Betta.Odell@yopmail.com,Betta.Odell@gmail.com,worker
382,Meriel,Marijo,Meriel.Marijo@yopmail.com,Meriel.Marijo@gmail.com,police officer
383,Ilse,Emerson,Ilse.Emerson@yopmail.com,Ilse.Emerson@gmail.com,developer
384,Suzette,Avi,Suzette.Avi@yopmail.com,Suzette.Avi@gmail.com,doctor
385,Celestyna,Ehrman,Celestyna.Ehrman@yopmail.com,Celestyna.Ehrman@gmail.com,worker
386,Kaja,Giule,Kaja.Giule@yopmail.com,Kaja.Giule@gmail.com,police officer
387,Monika,Urias,Monika.Urias@yopmail.com,Monika.Urias@gmail.com,doctor
388,Flo,Delp,Flo.Delp@yopmail.com,Flo.Delp@gmail.com,police officer
389,Nicoli,Krystle,Nicoli.Krystle@yopmail.com,Nicoli.Krystle@gmail.com,worker
390,Tobe,Randene,Tobe.Randene@yopmail.com,Tobe.Randene@gmail.com,doctor
391,Arabel,Pettiford,Arabel.Pettiford@yopmail.com,Arabel.Pettiford@gmail.com,doctor
392,Blondelle,Mauer,Blondelle.Mauer@yopmail.com,Blondelle.Mauer@gmail.com,police officer
393,Harrietta,Gemini,Harrietta.Gemini@yopmail.com,Harrietta.Gemini@gmail.com,doctor
394,Dulce,Beniamino,Dulce.Beniamino@yopmail.com,Dulce.Beniamino@gmail.com,doctor
395,Neila,Ezar,Neila.Ezar@yopmail.com,Neila.Ezar@gmail.com,worker
396,Willetta,Braun,Willetta.Braun@yopmail.com,Willetta.Braun@gmail.com,police officer
397,Keelia,Rugen,Keelia.Rugen@yopmail.com,Keelia.Rugen@gmail.com,worker
398,Emelina,Old,Emelina.Old@yopmail.com,Emelina.Old@gmail.com,police officer
399,Anestassia,Zitvaa,Anestassia.Zitvaa@yopmail.com,Anestassia.Zitvaa@gmail.com,worker
400,Lenna,Devlen,Lenna.Devlen@yopmail.com,Lenna.Devlen@gmail.com,worker
401,Cacilie,Rosalba,Cacilie.Rosalba@yopmail.com,Cacilie.Rosalba@gmail.com,firefighter
402,Lenna,Allina,Lenna.Allina@yopmail.com,Lenna.Allina@gmail.com,firefighter
403,Chere,Florina,Chere.Florina@yopmail.com,Chere.Florina@gmail.com,worker
404,Ekaterina,Simmonds,Ekaterina.Simmonds@yopmail.com,Ekaterina.Simmonds@gmail.com,firefighter
405,Vevay,Karylin,Vevay.Karylin@yopmail.com,Vevay.Karylin@gmail.com,worker
406,Tomasina,Marden,Tomasina.Marden@yopmail.com,Tomasina.Marden@gmail.com,developer
407,Melisent,Rugen,Melisent.Rugen@yopmail.com,Melisent.Rugen@gmail.com,police officer
408,Nataline,Riordan,Nataline.Riordan@yopmail.com,Nataline.Riordan@gmail.com,doctor
409,Riannon,Salchunas,Riannon.Salchunas@yopmail.com,Riannon.Salchunas@gmail.com,worker
410,Violet,Faust,Violet.Faust@yopmail.com,Violet.Faust@gmail.com,doctor
411,Nananne,Ahab,Nananne.Ahab@yopmail.com,Nananne.Ahab@gmail.com,doctor
412,Tamqrah,Rona,Tamqrah.Rona@yopmail.com,Tamqrah.Rona@gmail.com,firefighter
413,Evita,Masao,Evita.Masao@yopmail.com,Evita.Masao@gmail.com,firefighter
414,Merci,Mendez,Merci.Mendez@yopmail.com,Merci.Mendez@gmail.com,worker
415,Wynne,McClimans,Wynne.McClimans@yopmail.com,Wynne.McClimans@gmail.com,firefighter
416,Raf,Tayib,Raf.Tayib@yopmail.com,Raf.Tayib@gmail.com,police officer
417,Louella,Louanna,Louella.Louanna@yopmail.com,Louella.Louanna@gmail.com,police officer
418,Penelopa,Catie,Penelopa.Catie@yopmail.com,Penelopa.Catie@gmail.com,worker
419,Myriam,My,Myriam.My@yopmail.com,Myriam.My@gmail.com,worker
420,Andeee,Oster,Andeee.Oster@yopmail.com,Andeee.Oster@gmail.com,worker
421,Dulce,Georgy,Dulce.Georgy@yopmail.com,Dulce.Georgy@gmail.com,police officer
422,Chloris,Destinee,Chloris.Destinee@yopmail.com,Chloris.Destinee@gmail.com,firefighter
423,Adelle,Myrilla,Adelle.Myrilla@yopmail.com,Adelle.Myrilla@gmail.com,police officer
424,Shauna,Durante,Shauna.Durante@yopmail.com,Shauna.Durante@gmail.com,police officer
425,Caritta,Sacken,Caritta.Sacken@yopmail.com,Caritta.Sacken@gmail.com,firefighter
426,Ayn,Kelula,Ayn.Kelula@yopmail.com,Ayn.Kelula@gmail.com,doctor
427,Emylee,Bendick,Emylee.Bendick@yopmail.com,Emylee.Bendick@gmail.com,doctor
428,Ninnetta,Maisey,Ninnetta.Maisey@yopmail.com,Ninnetta.Maisey@gmail.com,developer
429,Tybie,Lane,Tybie.Lane@yopmail.com,Tybie.Lane@gmail.com,firefighter
430,Vita,Elephus,Vita.Elephus@yopmail.com,Vita.Elephus@gmail.com,worker
431,Alisha,Klemperer,Alisha.Klemperer@yopmail.com,Alisha.Klemperer@gmail.com,developer
432,Miquela,Caitlin,Miquela.Caitlin@yopmail.com,Miquela.Caitlin@gmail.com,firefighter
433,Belva,Ade,Belva.Ade@yopmail.com,Belva.Ade@gmail.com,worker
434,Gabriellia,Means,Gabriellia.Means@yopmail.com,Gabriellia.Means@gmail.com,firefighter
435,Elora,Raffo,Elora.Raffo@yopmail.com,Elora.Raffo@gmail.com,worker
436,Felice,Gregrory,Felice.Gregrory@yopmail.com,Felice.Gregrory@gmail.com,developer
437,Doro,Ade,Doro.Ade@yopmail.com,Doro.Ade@gmail.com,police officer
438,Dale,Ader,Dale.Ader@yopmail.com,Dale.Ader@gmail.com,worker
439,Halette,Elo,Halette.Elo@yopmail.com,Halette.Elo@gmail.com,worker
440,Flo,Callista,Flo.Callista@yopmail.com,Flo.Callista@gmail.com,worker
441,Ashlee,Shanley,Ashlee.Shanley@yopmail.com,Ashlee.Shanley@gmail.com,doctor
442,Philis,McAdams,Philis.McAdams@yopmail.com,Philis.McAdams@gmail.com,doctor
443,Meghann,Fontana,Meghann.Fontana@yopmail.com,Meghann.Fontana@gmail.com,doctor
444,Kristina,Mitzi,Kristina.Mitzi@yopmail.com,Kristina.Mitzi@gmail.com,police officer
445,Jolyn,Radu,Jolyn.Radu@yopmail.com,Jolyn.Radu@gmail.com,worker
446,Beatriz,Berne,Beatriz.Berne@yopmail.com,Beatriz.Berne@gmail.com,developer
447,Dacia,Tjon,Dacia.Tjon@yopmail.com,Dacia.Tjon@gmail.com,worker
448,Joeann,Schlosser,Joeann.Schlosser@yopmail.com,Joeann.Schlosser@gmail.com,firefighter
449,Ingrid,Heidt,Ingrid.Heidt@yopmail.com,Ingrid.Heidt@gmail.com,police officer
450,Cherilyn,Nedrud,Cherilyn.Nedrud@yopmail.com,Cherilyn.Nedrud@gmail.com,developer
451,Regina,Blake,Regina.Blake@yopmail.com,Regina.Blake@gmail.com,police officer
452,Genevra,Halla,Genevra.Halla@yopmail.com,Genevra.Halla@gmail.com,worker
453,Danika,Maurine,Danika.Maurine@yopmail.com,Danika.Maurine@gmail.com,police officer
454,Fernande,Susannah,Fernande.Susannah@yopmail.com,Fernande.Susannah@gmail.com,doctor
455,Julieta,Bearnard,Julieta.Bearnard@yopmail.com,Julieta.Bearnard@gmail.com,developer
456,Debee,Wattenberg,Debee.Wattenberg@yopmail.com,Debee.Wattenberg@gmail.com,developer
457,Bernardine,Zamora,Bernardine.Zamora@yopmail.com,Bernardine.Zamora@gmail.com,worker
458,Florencia,Kosey,Florencia.Kosey@yopmail.com,Florencia.Kosey@gmail.com,police officer
459,Karlee,Kosey,Karlee.Kosey@yopmail.com,Karlee.Kosey@gmail.com,doctor
460,Margalo,Cressida,Margalo.Cressida@yopmail.com,Margalo.Cressida@gmail.com,firefighter
461,Lanna,Jorgan,Lanna.Jorgan@yopmail.com,Lanna.Jorgan@gmail.com,police officer
462,Damaris,Bahr,Damaris.Bahr@yopmail.com,Damaris.Bahr@gmail.com,developer
463,Dolli,Bahr,Dolli.Bahr@yopmail.com,Dolli.Bahr@gmail.com,firefighter
464,Dawn,Catie,Dawn.Catie@yopmail.com,Dawn.Catie@gmail.com,doctor
465,Peri,Dichy,Peri.Dichy@yopmail.com,Peri.Dichy@gmail.com,firefighter
466,Elise,Thilda,Elise.Thilda@yopmail.com,Elise.Thilda@gmail.com,police officer
467,Tori,Ledah,Tori.Ledah@yopmail.com,Tori.Ledah@gmail.com,developer
468,Eve,Ephrem,Eve.Ephrem@yopmail.com,Eve.Ephrem@gmail.com,police officer
469,Ernesta,Annabella,Ernesta.Annabella@yopmail.com,Ernesta.Annabella@gmail.com,worker
470,Laurene,Dituri,Laurene.Dituri@yopmail.com,Laurene.Dituri@gmail.com,worker
471,Janeczka,Baylor,Janeczka.Baylor@yopmail.com,Janeczka.Baylor@gmail.com,police officer
472,Ida,Dermott,Ida.Dermott@yopmail.com,Ida.Dermott@gmail.com,doctor
473,Madalyn,Rozanna,Madalyn.Rozanna@yopmail.com,Madalyn.Rozanna@gmail.com,firefighter
474,Gavrielle,Neils,Gavrielle.Neils@yopmail.com,Gavrielle.Neils@gmail.com,firefighter
475,Teriann,Cristi,Teriann.Cristi@yopmail.com,Teriann.Cristi@gmail.com,worker
476,Chickie,Gower,Chickie.Gower@yopmail.com,Chickie.Gower@gmail.com,worker
477,Shannah,Radu,Shannah.Radu@yopmail.com,Shannah.Radu@gmail.com,developer
478,Carol-Jean,Zetta,Carol-Jean.Zetta@yopmail.com,Carol-Jean.Zetta@gmail.com,developer
479,Nollie,Hollingsworth,Nollie.Hollingsworth@yopmail.com,Nollie.Hollingsworth@gmail.com,police officer
480,Susan,Xerxes,Susan.Xerxes@yopmail.com,Susan.Xerxes@gmail.com,developer
481,Angela,Jammal,Angela.Jammal@yopmail.com,Angela.Jammal@gmail.com,worker
482,Judy,Gert,Judy.Gert@yopmail.com,Judy.Gert@gmail.com,developer
483,Kary,Cecile,Kary.Cecile@yopmail.com,Kary.Cecile@gmail.com,worker
484,Hettie,Tybald,Hettie.Tybald@yopmail.com,Hettie.Tybald@gmail.com,firefighter
485,Dawn,Roxanna,Dawn.Roxanna@yopmail.com,Dawn.Roxanna@gmail.com,doctor
486,Camile,Dash,Camile.Dash@yopmail.com,Camile.Dash@gmail.com,doctor
487,Starla,Zeeba,Starla.Zeeba@yopmail.com,Starla.Zeeba@gmail.com,worker
488,Kara-Lynn,Belanger,Kara-Lynn.Belanger@yopmail.com,Kara-Lynn.Belanger@gmail.com,developer
489,Charissa,Erlandson,Charissa.Erlandson@yopmail.com,Charissa.Erlandson@gmail.com,developer
490,Ezmeralda,Claudine,Ezmeralda.Claudine@yopmail.com,Ezmeralda.Claudine@gmail.com,firefighter
491,Rosanne,Sandye,Rosanne.Sandye@yopmail.com,Rosanne.Sandye@gmail.com,police officer
492,Suzette,Cath,Suzette.Cath@yopmail.com,Suzette.Cath@gmail.com,police officer
493,Carmela,Hillel,Carmela.Hillel@yopmail.com,Carmela.Hillel@gmail.com,police officer
494,Alexine,Olnee,Alexine.Olnee@yopmail.com,Alexine.Olnee@gmail.com,developer
495,Genovera,Virgin,Genovera.Virgin@yopmail.com,Genovera.Virgin@gmail.com,firefighter
496,Sue,My,Sue.My@yopmail.com,Sue.My@gmail.com,developer
497,Dulcinea,Elephus,Dulcinea.Elephus@yopmail.com,Dulcinea.Elephus@gmail.com,worker
498,Cassondra,Tremayne,Cassondra.Tremayne@yopmail.com,Cassondra.Tremayne@gmail.com,police officer
499,Cyb,Alrich,Cyb.Alrich@yopmail.com,Cyb.Alrich@gmail.com,firefighter
500,Karena,Niles,Karena.Niles@yopmail.com,Karena.Niles@gmail.com,developer
501,Asia,Socha,Asia.Socha@yopmail.com,Asia.Socha@gmail.com,developer
502,Sarette,Suzetta,Sarette.Suzetta@yopmail.com,Sarette.Suzetta@gmail.com,firefighter
503,Karena,Hedve,Karena.Hedve@yopmail.com,Karena.Hedve@gmail.com,firefighter
504,Eolanda,Erlandson,Eolanda.Erlandson@yopmail.com,Eolanda.Erlandson@gmail.com,developer
505,Sibella,Lubin,Sibella.Lubin@yopmail.com,Sibella.Lubin@gmail.com,firefighter
506,Corina,Rustice,Corina.Rustice@yopmail.com,Corina.Rustice@gmail.com,worker
507,Rebeca,Erminia,Rebeca.Erminia@yopmail.com,Rebeca.Erminia@gmail.com,developer
508,Caryl,Yate,Caryl.Yate@yopmail.com,Caryl.Yate@gmail.com,firefighter
509,Phylis,Durware,Phylis.Durware@yopmail.com,Phylis.Durware@gmail.com,doctor
510,Romona,Suzetta,Romona.Suzetta@yopmail.com,Romona.Suzetta@gmail.com,firefighter
511,Sean,Wesle,Sean.Wesle@yopmail.com,Sean.Wesle@gmail.com,developer
512,Berget,Fillbert,Berget.Fillbert@yopmail.com,Berget.Fillbert@gmail.com,worker
513,Valeda,Ferino,Valeda.Ferino@yopmail.com,Valeda.Ferino@gmail.com,worker
514,Tracey,Buttaro,Tracey.Buttaro@yopmail.com,Tracey.Buttaro@gmail.com,worker
515,Brena,Ricarda,Brena.Ricarda@yopmail.com,Brena.Ricarda@gmail.com,developer
516,Carilyn,Hollingsworth,Carilyn.Hollingsworth@yopmail.com,Carilyn.Hollingsworth@gmail.com,police officer
517,Libbie,My,Libbie.My@yopmail.com,Libbie.My@gmail.com,police officer
518,Micheline,Corilla,Micheline.Corilla@yopmail.com,Micheline.Corilla@gmail.com,developer
519,Kial,Candy,Kial.Candy@yopmail.com,Kial.Candy@gmail.com,doctor
520,Jasmina,Brandice,Jasmina.Brandice@yopmail.com,Jasmina.Brandice@gmail.com,worker
521,Imojean,Phyllis,Imojean.Phyllis@yopmail.com,Imojean.Phyllis@gmail.com,firefighter
522,Flory,Aldric,Flory.Aldric@yopmail.com,Flory.Aldric@gmail.com,doctor
523,Maisey,Sothena,Maisey.Sothena@yopmail.com,Maisey.Sothena@gmail.com,firefighter
524,Catrina,Santoro,Catrina.Santoro@yopmail.com,Catrina.Santoro@gmail.com,firefighter
525,Sissy,Anyah,Sissy.Anyah@yopmail.com,Sissy.Anyah@gmail.com,worker
526,Johna,Shaddock,Johna.Shaddock@yopmail.com,Johna.Shaddock@gmail.com,police officer
527,Correy,Clie,Correy.Clie@yopmail.com,Correy.Clie@gmail.com,firefighter
528,Maridel,McCutcheon,Maridel.McCutcheon@yopmail.com,Maridel.McCutcheon@gmail.com,firefighter
529,Taffy,Magnolia,Taffy.Magnolia@yopmail.com,Taffy.Magnolia@gmail.com,developer
530,Evaleen,Johanna,Evaleen.Johanna@yopmail.com,Evaleen.Johanna@gmail.com,police officer
531,Lyssa,Gwenore,Lyssa.Gwenore@yopmail.com,Lyssa.Gwenore@gmail.com,police officer
532,Joeann,Seessel,Joeann.Seessel@yopmail.com,Joeann.Seessel@gmail.com,worker
533,Bertine,Lay,Bertine.Lay@yopmail.com,Bertine.Lay@gmail.com,worker
534,Audrie,Erlandson,Audrie.Erlandson@yopmail.com,Audrie.Erlandson@gmail.com,firefighter
535,Feliza,Jess,Feliza.Jess@yopmail.com,Feliza.Jess@gmail.com,worker
536,Merry,Elvyn,Merry.Elvyn@yopmail.com,Merry.Elvyn@gmail.com,firefighter
537,Marcy,Rooney,Marcy.Rooney@yopmail.com,Marcy.Rooney@gmail.com,developer
538,Ida,MacIntosh,Ida.MacIntosh@yopmail.com,Ida.MacIntosh@gmail.com,developer
539,Merci,Eno,Merci.Eno@yopmail.com,Merci.Eno@gmail.com,firefighter
540,Kate,Shanley,Kate.Shanley@yopmail.com,Kate.Shanley@gmail.com,doctor
541,Annecorinne,Screens,Annecorinne.Screens@yopmail.com,Annecorinne.Screens@gmail.com,worker
542,Shauna,Halsey,Shauna.Halsey@yopmail.com,Shauna.Halsey@gmail.com,worker
543,Romona,Raul,Romona.Raul@yopmail.com,Romona.Raul@gmail.com,doctor
544,Jany,Silvan,Jany.Silvan@yopmail.com,Jany.Silvan@gmail.com,police officer
545,Ivett,Reidar,Ivett.Reidar@yopmail.com,Ivett.Reidar@gmail.com,doctor
546,Mignon,Mike,Mignon.Mike@yopmail.com,Mignon.Mike@gmail.com,firefighter
547,Daune,Nea,Daune.Nea@yopmail.com,Daune.Nea@gmail.com,firefighter
548,Babita,Nicoline,Babita.Nicoline@yopmail.com,Babita.Nicoline@gmail.com,doctor
549,Ebonee,Abernon,Ebonee.Abernon@yopmail.com,Ebonee.Abernon@gmail.com,firefighter
550,Melodie,Hachmin,Melodie.Hachmin@yopmail.com,Melodie.Hachmin@gmail.com,doctor
551,Annora,Alarise,Annora.Alarise@yopmail.com,Annora.Alarise@gmail.com,worker
552,Babita,Ariella,Babita.Ariella@yopmail.com,Babita.Ariella@gmail.com,police officer
553,Lesly,Lalitta,Lesly.Lalitta@yopmail.com,Lesly.Lalitta@gmail.com,doctor
554,Jaclyn,Bryna,Jaclyn.Bryna@yopmail.com,Jaclyn.Bryna@gmail.com,police officer
555,Elena,Mott,Elena.Mott@yopmail.com,Elena.Mott@gmail.com,worker
556,Lily,Mauer,Lily.Mauer@yopmail.com,Lily.Mauer@gmail.com,firefighter
557,Jany,Fleeta,Jany.Fleeta@yopmail.com,Jany.Fleeta@gmail.com,developer
558,Claresta,Willie,Claresta.Willie@yopmail.com,Claresta.Willie@gmail.com,police officer
559,Nonnah,Mata,Nonnah.Mata@yopmail.com,Nonnah.Mata@gmail.com,worker
560,Sheelagh,Hepsibah,Sheelagh.Hepsibah@yopmail.com,Sheelagh.Hepsibah@gmail.com,firefighter
561,Danika,Jess,Danika.Jess@yopmail.com,Danika.Jess@gmail.com,police officer
562,Fawne,Charity,Fawne.Charity@yopmail.com,Fawne.Charity@gmail.com,firefighter
563,Roslyn,Flita,Roslyn.Flita@yopmail.com,Roslyn.Flita@gmail.com,developer
564,Kary,Timon,Kary.Timon@yopmail.com,Kary.Timon@gmail.com,firefighter
565,Deirdre,Maiah,Deirdre.Maiah@yopmail.com,Deirdre.Maiah@gmail.com,police officer
566,Calla,Merna,Calla.Merna@yopmail.com,Calla.Merna@gmail.com,police officer
567,Sidoney,Bonucci,Sidoney.Bonucci@yopmail.com,Sidoney.Bonucci@gmail.com,firefighter
568,Yolane,Donoghue,Yolane.Donoghue@yopmail.com,Yolane.Donoghue@gmail.com,firefighter
569,Ayn,Chauncey,Ayn.Chauncey@yopmail.com,Ayn.Chauncey@gmail.com,firefighter
570,Gratia,Carey,Gratia.Carey@yopmail.com,Gratia.Carey@gmail.com,worker
571,Shell,Andrel,Shell.Andrel@yopmail.com,Shell.Andrel@gmail.com,police officer
572,Dorice,Yerkovich,Dorice.Yerkovich@yopmail.com,Dorice.Yerkovich@gmail.com,worker
573,Vivia,Urania,Vivia.Urania@yopmail.com,Vivia.Urania@gmail.com,worker
574,Daune,Schlosser,Daune.Schlosser@yopmail.com,Daune.Schlosser@gmail.com,worker
575,Maridel,Waite,Maridel.Waite@yopmail.com,Maridel.Waite@gmail.com,developer
576,Vevay,Palocz,Vevay.Palocz@yopmail.com,Vevay.Palocz@gmail.com,developer
577,Kial,Goode,Kial.Goode@yopmail.com,Kial.Goode@gmail.com,police officer
578,Odessa,Rodmann,Odessa.Rodmann@yopmail.com,Odessa.Rodmann@gmail.com,doctor
579,Fred,Laurianne,Fred.Laurianne@yopmail.com,Fred.Laurianne@gmail.com,developer
580,Wendi,Dannye,Wendi.Dannye@yopmail.com,Wendi.Dannye@gmail.com,developer
581,Demetris,Flyn,Demetris.Flyn@yopmail.com,Demetris.Flyn@gmail.com,doctor
582,Ginnie,Iaverne,Ginnie.Iaverne@yopmail.com,Ginnie.Iaverne@gmail.com,developer
583,Danny,Forrer,Danny.Forrer@yopmail.com,Danny.Forrer@gmail.com,developer
584,Marita,Vastah,Marita.Vastah@yopmail.com,Marita.Vastah@gmail.com,doctor
585,Teriann,Raimondo,Teriann.Raimondo@yopmail.com,Teriann.Raimondo@gmail.com,police officer
586,Charmaine,Thad,Charmaine.Thad@yopmail.com,Charmaine.Thad@gmail.com,doctor
587,Chloris,Donoghue,Chloris.Donoghue@yopmail.com,Chloris.Donoghue@gmail.com,worker
588,Wynne,Velick,Wynne.Velick@yopmail.com,Wynne.Velick@gmail.com,worker
589,Libbie,Weide,Libbie.Weide@yopmail.com,Libbie.Weide@gmail.com,police officer
590,Fayre,Wilona,Fayre.Wilona@yopmail.com,Fayre.Wilona@gmail.com,developer
591,Tonia,Voletta,Tonia.Voletta@yopmail.com,Tonia.Voletta@gmail.com,firefighter
592,Suzette,Burch,Suzette.Burch@yopmail.com,Suzette.Burch@gmail.com,doctor
593,Georgetta,Sidonius,Georgetta.Sidonius@yopmail.com,Georgetta.Sidonius@gmail.com,police officer
594,Phylis,Bonucci,Phylis.Bonucci@yopmail.com,Phylis.Bonucci@gmail.com,developer
595,Leanna,Charity,Leanna.Charity@yopmail.com,Leanna.Charity@gmail.com,firefighter
596,Genovera,Goode,Genovera.Goode@yopmail.com,Genovera.Goode@gmail.com,police officer
597,Jany,Nelsen,Jany.Nelsen@yopmail.com,Jany.Nelsen@gmail.com,developer
598,Amii,Agle,Amii.Agle@yopmail.com,Amii.Agle@gmail.com,developer
599,Rubie,Clie,Rubie.Clie@yopmail.com,Rubie.Clie@gmail.com,firefighter
600,Nyssa,Goth,Nyssa.Goth@yopmail.com,Nyssa.Goth@gmail.com,developer
601,Mamie,Screens,Mamie.Screens@yopmail.com,Mamie.Screens@gmail.com,developer
602,Elvira,Thar,Elvira.Thar@yopmail.com,Elvira.Thar@gmail.com,worker
603,Glynnis,Billye,Glynnis.Billye@yopmail.com,Glynnis.Billye@gmail.com,developer
604,Harmonia,Lucienne,Harmonia.Lucienne@yopmail.com,Harmonia.Lucienne@gmail.com,worker
605,Andree,Rogerio,Andree.Rogerio@yopmail.com,Andree.Rogerio@gmail.com,firefighter
606,Winny,Bigner,Winny.Bigner@yopmail.com,Winny.Bigner@gmail.com,doctor
607,Wileen,Odell,Wileen.Odell@yopmail.com,Wileen.Odell@gmail.com,worker
608,Alleen,Sekofski,Alleen.Sekofski@yopmail.com,Alleen.Sekofski@gmail.com,worker
609,Mariele,Erb,Mariele.Erb@yopmail.com,Mariele.Erb@gmail.com,worker
610,Janenna,Kristi,Janenna.Kristi@yopmail.com,Janenna.Kristi@gmail.com,worker
611,Jessamyn,Katrine,Jessamyn.Katrine@yopmail.com,Jessamyn.Katrine@gmail.com,firefighter
612,Merle,Vernier,Merle.Vernier@yopmail.com,Merle.Vernier@gmail.com,worker
613,Almeta,Elo,Almeta.Elo@yopmail.com,Almeta.Elo@gmail.com,doctor
614,Brynna,Fleeta,Brynna.Fleeta@yopmail.com,Brynna.Fleeta@gmail.com,developer
615,Lelah,Docilla,Lelah.Docilla@yopmail.com,Lelah.Docilla@gmail.com,doctor
616,Dione,Wiener,Dione.Wiener@yopmail.com,Dione.Wiener@gmail.com,police officer
617,Cassandra,Lane,Cassandra.Lane@yopmail.com,Cassandra.Lane@gmail.com,firefighter
618,Zia,Claudine,Zia.Claudine@yopmail.com,Zia.Claudine@gmail.com,developer
619,Brooks,Iiette,Brooks.Iiette@yopmail.com,Brooks.Iiette@gmail.com,developer
620,Lynea,Faria,Lynea.Faria@yopmail.com,Lynea.Faria@gmail.com,worker
621,Charlena,Holbrook,Charlena.Holbrook@yopmail.com,Charlena.Holbrook@gmail.com,firefighter
622,Jorry,Loeb,Jorry.Loeb@yopmail.com,Jorry.Loeb@gmail.com,doctor
623,Emmey,An,Emmey.An@yopmail.com,Emmey.An@gmail.com,firefighter
624,Rhea,Stav,Rhea.Stav@yopmail.com,Rhea.Stav@gmail.com,developer
625,Mathilda,Hoenack,Mathilda.Hoenack@yopmail.com,Mathilda.Hoenack@gmail.com,police officer
626,Neila,Daniele,Neila.Daniele@yopmail.com,Neila.Daniele@gmail.com,firefighter
627,Neila,Philoo,Neila.Philoo@yopmail.com,Neila.Philoo@gmail.com,worker
628,Wilma,Seligman,Wilma.Seligman@yopmail.com,Wilma.Seligman@gmail.com,firefighter
629,Louella,Deny,Louella.Deny@yopmail.com,Louella.Deny@gmail.com,worker
630,Fredericka,Jess,Fredericka.Jess@yopmail.com,Fredericka.Jess@gmail.com,developer
631,Monika,Astra,Monika.Astra@yopmail.com,Monika.Astra@gmail.com,doctor
632,Ardys,Fleeta,Ardys.Fleeta@yopmail.com,Ardys.Fleeta@gmail.com,firefighter
633,Nerta,Swanhildas,Nerta.Swanhildas@yopmail.com,Nerta.Swanhildas@gmail.com,doctor
634,Jacenta,Ade,Jacenta.Ade@yopmail.com,Jacenta.Ade@gmail.com,developer
635,Catharine,Gale,Catharine.Gale@yopmail.com,Catharine.Gale@gmail.com,developer
636,Celene,Sallyann,Celene.Sallyann@yopmail.com,Celene.Sallyann@gmail.com,police officer
637,Shirlee,Lubin,Shirlee.Lubin@yopmail.com,Shirlee.Lubin@gmail.com,developer
638,Ruthe,Bluh,Ruthe.Bluh@yopmail.com,Ruthe.Bluh@gmail.com,doctor
639,Meghann,Sisile,Meghann.Sisile@yopmail.com,Meghann.Sisile@gmail.com,police officer
640,Corly,Malanie,Corly.Malanie@yopmail.com,Corly.Malanie@gmail.com,worker
641,Adelle,Celestine,Adelle.Celestine@yopmail.com,Adelle.Celestine@gmail.com,worker
642,Malina,Silvan,Malina.Silvan@yopmail.com,Malina.Silvan@gmail.com,developer
643,Meghann,Dyche,Meghann.Dyche@yopmail.com,Meghann.Dyche@gmail.com,police officer
644,Mellicent,Garbe,Mellicent.Garbe@yopmail.com,Mellicent.Garbe@gmail.com,doctor
645,Beatriz,Read,Beatriz.Read@yopmail.com,Beatriz.Read@gmail.com,developer
646,Shannah,Baylor,Shannah.Baylor@yopmail.com,Shannah.Baylor@gmail.com,developer
647,Marcy,Thilda,Marcy.Thilda@yopmail.com,Marcy.Thilda@gmail.com,worker
648,Priscilla,Ehrman,Priscilla.Ehrman@yopmail.com,Priscilla.Ehrman@gmail.com,developer
649,Beatriz,Aida,Beatriz.Aida@yopmail.com,Beatriz.Aida@gmail.com,developer
650,Dotty,Atonsah,Dotty.Atonsah@yopmail.com,Dotty.Atonsah@gmail.com,firefighter
651,Joeann,Dituri,Joeann.Dituri@yopmail.com,Joeann.Dituri@gmail.com,police officer
652,Krystle,Rosette,Krystle.Rosette@yopmail.com,Krystle.Rosette@gmail.com,worker
653,Alia,Euridice,Alia.Euridice@yopmail.com,Alia.Euridice@gmail.com,firefighter
654,Ricky,Percy,Ricky.Percy@yopmail.com,Ricky.Percy@gmail.com,developer
655,Ketti,Lay,Ketti.Lay@yopmail.com,Ketti.Lay@gmail.com,doctor
656,Brena,Fulmer,Brena.Fulmer@yopmail.com,Brena.Fulmer@gmail.com,police officer
657,Marinna,Wenoa,Marinna.Wenoa@yopmail.com,Marinna.Wenoa@gmail.com,developer
658,Rori,Koehler,Rori.Koehler@yopmail.com,Rori.Koehler@gmail.com,worker
659,Molli,Donoghue,Molli.Donoghue@yopmail.com,Molli.Donoghue@gmail.com,police officer
660,Corina,Isidore,Corina.Isidore@yopmail.com,Corina.Isidore@gmail.com,worker
661,Brandise,Aaberg,Brandise.Aaberg@yopmail.com,Brandise.Aaberg@gmail.com,firefighter
662,Philis,Erminia,Philis.Erminia@yopmail.com,Philis.Erminia@gmail.com,worker
663,Ursulina,Leary,Ursulina.Leary@yopmail.com,Ursulina.Leary@gmail.com,worker
664,Alleen,Daveta,Alleen.Daveta@yopmail.com,Alleen.Daveta@gmail.com,worker
665,Lyssa,Keily,Lyssa.Keily@yopmail.com,Lyssa.Keily@gmail.com,developer
666,Clementine,Sasnett,Clementine.Sasnett@yopmail.com,Clementine.Sasnett@gmail.com,worker
667,Margette,Louanna,Margette.Louanna@yopmail.com,Margette.Louanna@gmail.com,firefighter
668,Andeee,Peti,Andeee.Peti@yopmail.com,Andeee.Peti@gmail.com,doctor
669,Maridel,Vilma,Maridel.Vilma@yopmail.com,Maridel.Vilma@gmail.com,developer
670,Sybille,Michella,Sybille.Michella@yopmail.com,Sybille.Michella@gmail.com,doctor
671,Hollie,Atonsah,Hollie.Atonsah@yopmail.com,Hollie.Atonsah@gmail.com,firefighter
672,Jackie,Eldrid,Jackie.Eldrid@yopmail.com,Jackie.Eldrid@gmail.com,doctor
673,Karina,Paton,Karina.Paton@yopmail.com,Karina.Paton@gmail.com,developer
674,Lanae,Adrienne,Lanae.Adrienne@yopmail.com,Lanae.Adrienne@gmail.com,firefighter
675,Katleen,Albertine,Katleen.Albertine@yopmail.com,Katleen.Albertine@gmail.com,firefighter
676,Deedee,Honoria,Deedee.Honoria@yopmail.com,Deedee.Honoria@gmail.com,firefighter
677,Loree,Erminia,Loree.Erminia@yopmail.com,Loree.Erminia@gmail.com,police officer
678,Larine,Azeria,Larine.Azeria@yopmail.com,Larine.Azeria@gmail.com,police officer
679,Damaris,Vittoria,Damaris.Vittoria@yopmail.com,Damaris.Vittoria@gmail.com,police officer
680,Bill,Doig,Bill.Doig@yopmail.com,Bill.Doig@gmail.com,doctor
681,Yolane,Lumbard,Yolane.Lumbard@yopmail.com,Yolane.Lumbard@gmail.com,doctor
682,Lucille,Hessler,Lucille.Hessler@yopmail.com,Lucille.Hessler@gmail.com,firefighter
683,Emylee,Schlosser,Emylee.Schlosser@yopmail.com,Emylee.Schlosser@gmail.com,police officer
684,Berta,Junie,Berta.Junie@yopmail.com,Berta.Junie@gmail.com,police officer
685,Ulrike,Jacobah,Ulrike.Jacobah@yopmail.com,Ulrike.Jacobah@gmail.com,firefighter
686,Aaren,Seessel,Aaren.Seessel@yopmail.com,Aaren.Seessel@gmail.com,developer
687,Hayley,Whittaker,Hayley.Whittaker@yopmail.com,Hayley.Whittaker@gmail.com,worker
688,Caritta,Kevon,Caritta.Kevon@yopmail.com,Caritta.Kevon@gmail.com,worker
689,Andeee,Truc,Andeee.Truc@yopmail.com,Andeee.Truc@gmail.com,developer
690,Dolli,Havens,Dolli.Havens@yopmail.com,Dolli.Havens@gmail.com,doctor
691,Lucy,Weitman,Lucy.Weitman@yopmail.com,Lucy.Weitman@gmail.com,doctor
692,Kathi,Schenck,Kathi.Schenck@yopmail.com,Kathi.Schenck@gmail.com,police officer
693,Judy,Barrus,Judy.Barrus@yopmail.com,Judy.Barrus@gmail.com,firefighter
694,Hermione,Afton,Hermione.Afton@yopmail.com,Hermione.Afton@gmail.com,developer
695,Marsiella,Tillford,Marsiella.Tillford@yopmail.com,Marsiella.Tillford@gmail.com,developer
696,Merci,Timon,Merci.Timon@yopmail.com,Merci.Timon@gmail.com,firefighter
697,Ermengarde,Kiyoshi,Ermengarde.Kiyoshi@yopmail.com,Ermengarde.Kiyoshi@gmail.com,doctor
698,Shauna,Armanda,Shauna.Armanda@yopmail.com,Shauna.Armanda@gmail.com,firefighter
699,Shandie,Delila,Shandie.Delila@yopmail.com,Shandie.Delila@gmail.com,developer
700,Rosene,Tacye,Rosene.Tacye@yopmail.com,Rosene.Tacye@gmail.com,doctor
701,Shirlee,Milson,Shirlee.Milson@yopmail.com,Shirlee.Milson@gmail.com,worker
702,Kamilah,Kat,Kamilah.Kat@yopmail.com,Kamilah.Kat@gmail.com,developer
703,Thalia,Lucienne,Thalia.Lucienne@yopmail.com,Thalia.Lucienne@gmail.com,firefighter
704,Alex,Braun,Alex.Braun@yopmail.com,Alex.Braun@gmail.com,police officer
705,Larine,Ilka,Larine.Ilka@yopmail.com,Larine.Ilka@gmail.com,doctor
706,Ottilie,Suk,Ottilie.Suk@yopmail.com,Ottilie.Suk@gmail.com,firefighter
707,Marti,Paton,Marti.Paton@yopmail.com,Marti.Paton@gmail.com,firefighter
708,Cindelyn,An,Cindelyn.An@yopmail.com,Cindelyn.An@gmail.com,police officer
709,Brianna,McLaughlin,Brianna.McLaughlin@yopmail.com,Brianna.McLaughlin@gmail.com,police officer
710,Nessie,Erskine,Nessie.Erskine@yopmail.com,Nessie.Erskine@gmail.com,doctor
711,Giustina,Sadowski,Giustina.Sadowski@yopmail.com,Giustina.Sadowski@gmail.com,developer
712,Elise,Waite,Elise.Waite@yopmail.com,Elise.Waite@gmail.com,doctor
713,Deedee,Dorothy,Deedee.Dorothy@yopmail.com,Deedee.Dorothy@gmail.com,doctor
714,Marita,Shanley,Marita.Shanley@yopmail.com,Marita.Shanley@gmail.com,worker
715,Bibby,Fiester,Bibby.Fiester@yopmail.com,Bibby.Fiester@gmail.com,developer
716,Christian,Rocray,Christian.Rocray@yopmail.com,Christian.Rocray@gmail.com,doctor
717,Jemie,Hashim,Jemie.Hashim@yopmail.com,Jemie.Hashim@gmail.com,police officer
718,Mary,Lia,Mary.Lia@yopmail.com,Mary.Lia@gmail.com,worker
719,Wileen,Sabella,Wileen.Sabella@yopmail.com,Wileen.Sabella@gmail.com,police officer
720,Marnia,Sandye,Marnia.Sandye@yopmail.com,Marnia.Sandye@gmail.com,doctor
721,Evita,Candy,Evita.Candy@yopmail.com,Evita.Candy@gmail.com,firefighter
722,Adele,Harday,Adele.Harday@yopmail.com,Adele.Harday@gmail.com,doctor
723,Ida,Rossner,Ida.Rossner@yopmail.com,Ida.Rossner@gmail.com,doctor
724,Grier,Flyn,Grier.Flyn@yopmail.com,Grier.Flyn@gmail.com,police officer
725,Fidelia,Alva,Fidelia.Alva@yopmail.com,Fidelia.Alva@gmail.com,doctor
726,Blondelle,Korey,Blondelle.Korey@yopmail.com,Blondelle.Korey@gmail.com,police officer
727,Talya,Anderea,Talya.Anderea@yopmail.com,Talya.Anderea@gmail.com,developer
728,Tamqrah,Brittani,Tamqrah.Brittani@yopmail.com,Tamqrah.Brittani@gmail.com,worker
729,Cherilyn,Stav,Cherilyn.Stav@yopmail.com,Cherilyn.Stav@gmail.com,doctor
730,Andeee,Lytton,Andeee.Lytton@yopmail.com,Andeee.Lytton@gmail.com,firefighter
731,Carmela,Hunfredo,Carmela.Hunfredo@yopmail.com,Carmela.Hunfredo@gmail.com,firefighter
732,Josephine,Adamsen,Josephine.Adamsen@yopmail.com,Josephine.Adamsen@gmail.com,doctor
733,Berget,Gillan,Berget.Gillan@yopmail.com,Berget.Gillan@gmail.com,firefighter
734,Marylou,Cordi,Marylou.Cordi@yopmail.com,Marylou.Cordi@gmail.com,doctor
735,Kassey,Johanna,Kassey.Johanna@yopmail.com,Kassey.Johanna@gmail.com,firefighter
736,Layla,Lutero,Layla.Lutero@yopmail.com,Layla.Lutero@gmail.com,worker
737,Roxane,Gusella,Roxane.Gusella@yopmail.com,Roxane.Gusella@gmail.com,developer
738,Karlee,Ietta,Karlee.Ietta@yopmail.com,Karlee.Ietta@gmail.com,police officer
739,Maryellen,Levey,Maryellen.Levey@yopmail.com,Maryellen.Levey@gmail.com,worker
740,Augustine,Jefferey,Augustine.Jefferey@yopmail.com,Augustine.Jefferey@gmail.com,police officer
741,Gavrielle,Maribeth,Gavrielle.Maribeth@yopmail.com,Gavrielle.Maribeth@gmail.com,firefighter
742,Trudie,Aloise,Trudie.Aloise@yopmail.com,Trudie.Aloise@gmail.com,police officer
743,Coral,Glovsky,Coral.Glovsky@yopmail.com,Coral.Glovsky@gmail.com,firefighter
744,Sonni,Edmund,Sonni.Edmund@yopmail.com,Sonni.Edmund@gmail.com,police officer
745,Jean,Fax,Jean.Fax@yopmail.com,Jean.Fax@gmail.com,doctor
746,Sherrie,Roche,Sherrie.Roche@yopmail.com,Sherrie.Roche@gmail.com,doctor
747,Minda,Pillsbury,Minda.Pillsbury@yopmail.com,Minda.Pillsbury@gmail.com,worker
748,Alyssa,Ioab,Alyssa.Ioab@yopmail.com,Alyssa.Ioab@gmail.com,firefighter
749,Daryl,Fulmer,Daryl.Fulmer@yopmail.com,Daryl.Fulmer@gmail.com,doctor
750,Maurene,Gilmour,Maurene.Gilmour@yopmail.com,Maurene.Gilmour@gmail.com,firefighter
751,Thalia,Aprile,Thalia.Aprile@yopmail.com,Thalia.Aprile@gmail.com,doctor
752,Priscilla,Dorine,Priscilla.Dorine@yopmail.com,Priscilla.Dorine@gmail.com,doctor
753,Tera,Persse,Tera.Persse@yopmail.com,Tera.Persse@gmail.com,firefighter
754,Maye,Harday,Maye.Harday@yopmail.com,Maye.Harday@gmail.com,firefighter
755,Cathie,Poppy,Cathie.Poppy@yopmail.com,Cathie.Poppy@gmail.com,developer
756,Edyth,Dawkins,Edyth.Dawkins@yopmail.com,Edyth.Dawkins@gmail.com,police officer
757,Doro,Gabrielli,Doro.Gabrielli@yopmail.com,Doro.Gabrielli@gmail.com,firefighter
758,Alyssa,Ellerey,Alyssa.Ellerey@yopmail.com,Alyssa.Ellerey@gmail.com,police officer
759,Cissiee,Milde,Cissiee.Milde@yopmail.com,Cissiee.Milde@gmail.com,firefighter
760,Bettine,Georgy,Bettine.Georgy@yopmail.com,Bettine.Georgy@gmail.com,police officer
761,Starla,Therine,Starla.Therine@yopmail.com,Starla.Therine@gmail.com,firefighter
762,Deedee,Vary,Deedee.Vary@yopmail.com,Deedee.Vary@gmail.com,firefighter
763,Kelly,Delacourt,Kelly.Delacourt@yopmail.com,Kelly.Delacourt@gmail.com,police officer
764,Jere,Desai,Jere.Desai@yopmail.com,Jere.Desai@gmail.com,worker
765,Ricky,Lewes,Ricky.Lewes@yopmail.com,Ricky.Lewes@gmail.com,developer
766,Ardenia,Abbot,Ardenia.Abbot@yopmail.com,Ardenia.Abbot@gmail.com,worker
767,Marita,Martguerita,Marita.Martguerita@yopmail.com,Marita.Martguerita@gmail.com,worker
768,Agnese,Flyn,Agnese.Flyn@yopmail.com,Agnese.Flyn@gmail.com,worker
769,Imojean,Kat,Imojean.Kat@yopmail.com,Imojean.Kat@gmail.com,firefighter
770,Ricky,Argus,Ricky.Argus@yopmail.com,Ricky.Argus@gmail.com,firefighter
771,Jaclyn,MacIntosh,Jaclyn.MacIntosh@yopmail.com,Jaclyn.MacIntosh@gmail.com,developer
772,Elora,Blase,Elora.Blase@yopmail.com,Elora.Blase@gmail.com,developer
773,Roz,Ramona,Roz.Ramona@yopmail.com,Roz.Ramona@gmail.com,worker
774,Esmeralda,Woodberry,Esmeralda.Woodberry@yopmail.com,Esmeralda.Woodberry@gmail.com,developer
775,Dari,Katrine,Dari.Katrine@yopmail.com,Dari.Katrine@gmail.com,worker
776,Andeee,Orlene,Andeee.Orlene@yopmail.com,Andeee.Orlene@gmail.com,worker
777,Kylynn,Corabella,Kylynn.Corabella@yopmail.com,Kylynn.Corabella@gmail.com,worker
778,Agnese,Halla,Agnese.Halla@yopmail.com,Agnese.Halla@gmail.com,worker
779,Constance,Sancho,Constance.Sancho@yopmail.com,Constance.Sancho@gmail.com,doctor
780,Winny,Esmaria,Winny.Esmaria@yopmail.com,Winny.Esmaria@gmail.com,developer
781,Annecorinne,Iphlgenia,Annecorinne.Iphlgenia@yopmail.com,Annecorinne.Iphlgenia@gmail.com,firefighter
782,Dode,Phi,Dode.Phi@yopmail.com,Dode.Phi@gmail.com,firefighter
783,Tonia,Eiser,Tonia.Eiser@yopmail.com,Tonia.Eiser@gmail.com,firefighter
784,Starla,Gerge,Starla.Gerge@yopmail.com,Starla.Gerge@gmail.com,doctor
785,Nonnah,Angelis,Nonnah.Angelis@yopmail.com,Nonnah.Angelis@gmail.com,developer
786,Roxane,Jobi,Roxane.Jobi@yopmail.com,Roxane.Jobi@gmail.com,developer
787,Yolane,Burnside,Yolane.Burnside@yopmail.com,Yolane.Burnside@gmail.com,doctor
788,Concettina,Shama,Concettina.Shama@yopmail.com,Concettina.Shama@gmail.com,firefighter
789,Ofilia,Colyer,Ofilia.Colyer@yopmail.com,Ofilia.Colyer@gmail.com,developer
790,Tera,Hoenack,Tera.Hoenack@yopmail.com,Tera.Hoenack@gmail.com,worker
791,Rivalee,Susannah,Rivalee.Susannah@yopmail.com,Rivalee.Susannah@gmail.com,developer
792,Veda,Wilkinson,Veda.Wilkinson@yopmail.com,Veda.Wilkinson@gmail.com,firefighter
793,Flory,Toni,Flory.Toni@yopmail.com,Flory.Toni@gmail.com,developer
794,Nicoli,Edvard,Nicoli.Edvard@yopmail.com,Nicoli.Edvard@gmail.com,doctor
795,Harmonia,Sophronia,Harmonia.Sophronia@yopmail.com,Harmonia.Sophronia@gmail.com,doctor
796,Lusa,Docilla,Lusa.Docilla@yopmail.com,Lusa.Docilla@gmail.com,worker
797,Gusty,Sothena,Gusty.Sothena@yopmail.com,Gusty.Sothena@gmail.com,firefighter
798,Jasmina,Sallyann,Jasmina.Sallyann@yopmail.com,Jasmina.Sallyann@gmail.com,firefighter
799,Rochette,Johanna,Rochette.Johanna@yopmail.com,Rochette.Johanna@gmail.com,worker
800,Nicoli,Fosque,Nicoli.Fosque@yopmail.com,Nicoli.Fosque@gmail.com,developer
801,Cathie,Damarra,Cathie.Damarra@yopmail.com,Cathie.Damarra@gmail.com,doctor
802,Amara,Kannry,Amara.Kannry@yopmail.com,Amara.Kannry@gmail.com,developer
803,Nita,Deny,Nita.Deny@yopmail.com,Nita.Deny@gmail.com,developer
804,Babita,LaRue,Babita.LaRue@yopmail.com,Babita.LaRue@gmail.com,doctor
805,Iseabal,Dielu,Iseabal.Dielu@yopmail.com,Iseabal.Dielu@gmail.com,developer
806,Gabi,Ricarda,Gabi.Ricarda@yopmail.com,Gabi.Ricarda@gmail.com,firefighter
807,Carree,Diogenes,Carree.Diogenes@yopmail.com,Carree.Diogenes@gmail.com,worker
808,Rebeca,Wolfgram,Rebeca.Wolfgram@yopmail.com,Rebeca.Wolfgram@gmail.com,firefighter
809,Chastity,Olnee,Chastity.Olnee@yopmail.com,Chastity.Olnee@gmail.com,police officer
810,Valeda,Montgomery,Valeda.Montgomery@yopmail.com,Valeda.Montgomery@gmail.com,worker
811,Vita,Vacuva,Vita.Vacuva@yopmail.com,Vita.Vacuva@gmail.com,developer
812,Kathy,Odysseus,Kathy.Odysseus@yopmail.com,Kathy.Odysseus@gmail.com,worker
813,Mara,Ezar,Mara.Ezar@yopmail.com,Mara.Ezar@gmail.com,developer
814,Lulita,Tristram,Lulita.Tristram@yopmail.com,Lulita.Tristram@gmail.com,police officer
815,Shandie,Sothena,Shandie.Sothena@yopmail.com,Shandie.Sothena@gmail.com,worker
816,Brandise,Naashom,Brandise.Naashom@yopmail.com,Brandise.Naashom@gmail.com,police officer
817,Damaris,Georgy,Damaris.Georgy@yopmail.com,Damaris.Georgy@gmail.com,doctor
818,Addia,Dunkin,Addia.Dunkin@yopmail.com,Addia.Dunkin@gmail.com,police officer
819,Belinda,Ax,Belinda.Ax@yopmail.com,Belinda.Ax@gmail.com,police officer
820,Amalie,Sheedy,Amalie.Sheedy@yopmail.com,Amalie.Sheedy@gmail.com,worker
821,Ricky,Sundin,Ricky.Sundin@yopmail.com,Ricky.Sundin@gmail.com,firefighter
822,Georgina,Hewitt,Georgina.Hewitt@yopmail.com,Georgina.Hewitt@gmail.com,doctor
823,Adore,Carvey,Adore.Carvey@yopmail.com,Adore.Carvey@gmail.com,firefighter
824,Lacie,Khorma,Lacie.Khorma@yopmail.com,Lacie.Khorma@gmail.com,firefighter
825,Heddie,Dermott,Heddie.Dermott@yopmail.com,Heddie.Dermott@gmail.com,doctor
826,Corly,Sabella,Corly.Sabella@yopmail.com,Corly.Sabella@gmail.com,firefighter
827,Amii,Kaete,Amii.Kaete@yopmail.com,Amii.Kaete@gmail.com,police officer
828,Dania,Lucienne,Dania.Lucienne@yopmail.com,Dania.Lucienne@gmail.com,police officer
829,Kerrin,Karna,Kerrin.Karna@yopmail.com,Kerrin.Karna@gmail.com,police officer
830,Maisey,Monaco,Maisey.Monaco@yopmail.com,Maisey.Monaco@gmail.com,police officer
831,Sindee,Edvard,Sindee.Edvard@yopmail.com,Sindee.Edvard@gmail.com,firefighter
832,Dorthy,Hessler,Dorthy.Hessler@yopmail.com,Dorthy.Hessler@gmail.com,worker
833,Jorry,Vivle,Jorry.Vivle@yopmail.com,Jorry.Vivle@gmail.com,doctor
834,Dari,Melan,Dari.Melan@yopmail.com,Dari.Melan@gmail.com,developer
835,Gavrielle,Seumas,Gavrielle.Seumas@yopmail.com,Gavrielle.Seumas@gmail.com,developer
836,Jasmina,Idelia,Jasmina.Idelia@yopmail.com,Jasmina.Idelia@gmail.com,doctor
837,Maridel,Eugenia,Maridel.Eugenia@yopmail.com,Maridel.Eugenia@gmail.com,worker
838,Hollie,Masao,Hollie.Masao@yopmail.com,Hollie.Masao@gmail.com,police officer
839,Fidelia,Lauraine,Fidelia.Lauraine@yopmail.com,Fidelia.Lauraine@gmail.com,developer
840,Gloria,Mike,Gloria.Mike@yopmail.com,Gloria.Mike@gmail.com,doctor
841,Marylou,Afton,Marylou.Afton@yopmail.com,Marylou.Afton@gmail.com,police officer
842,Jasmina,Bebe,Jasmina.Bebe@yopmail.com,Jasmina.Bebe@gmail.com,doctor
843,Teriann,Randene,Teriann.Randene@yopmail.com,Teriann.Randene@gmail.com,firefighter
844,Sheree,Pillsbury,Sheree.Pillsbury@yopmail.com,Sheree.Pillsbury@gmail.com,developer
845,Maud,Judye,Maud.Judye@yopmail.com,Maud.Judye@gmail.com,worker
846,Emilia,Hartnett,Emilia.Hartnett@yopmail.com,Emilia.Hartnett@gmail.com,firefighter
847,Viviene,Eben,Viviene.Eben@yopmail.com,Viviene.Eben@gmail.com,doctor
848,Grier,Neva,Grier.Neva@yopmail.com,Grier.Neva@gmail.com,firefighter
849,Delilah,Chinua,Delilah.Chinua@yopmail.com,Delilah.Chinua@gmail.com,worker
850,Caryl,Vharat,Caryl.Vharat@yopmail.com,Caryl.Vharat@gmail.com,police officer
851,Zsa Zsa,Lytton,Zsa Zsa.Lytton@yopmail.com,Zsa Zsa.Lytton@gmail.com,police officer
852,Eolanda,Grosz,Eolanda.Grosz@yopmail.com,Eolanda.Grosz@gmail.com,developer
853,Noelle,Roumell,Noelle.Roumell@yopmail.com,Noelle.Roumell@gmail.com,developer
854,Jessy,Westphal,Jessy.Westphal@yopmail.com,Jessy.Westphal@gmail.com,firefighter
855,Jaime,Trinetta,Jaime.Trinetta@yopmail.com,Jaime.Trinetta@gmail.com,worker
856,Bobinette,Rubie,Bobinette.Rubie@yopmail.com,Bobinette.Rubie@gmail.com,worker
857,Selma,Roscoe,Selma.Roscoe@yopmail.com,Selma.Roscoe@gmail.com,firefighter
858,Briney,Eiser,Briney.Eiser@yopmail.com,Briney.Eiser@gmail.com,police officer
859,Molli,Decato,Molli.Decato@yopmail.com,Molli.Decato@gmail.com,worker
860,Emma,Leary,Emma.Leary@yopmail.com,Emma.Leary@gmail.com,firefighter
861,Violet,Claudine,Violet.Claudine@yopmail.com,Violet.Claudine@gmail.com,worker
862,Ethel,Lindemann,Ethel.Lindemann@yopmail.com,Ethel.Lindemann@gmail.com,developer
863,Alyda,Fax,Alyda.Fax@yopmail.com,Alyda.Fax@gmail.com,developer
864,Gwenneth,Diann,Gwenneth.Diann@yopmail.com,Gwenneth.Diann@gmail.com,doctor
865,Sheelagh,Elbertina,Sheelagh.Elbertina@yopmail.com,Sheelagh.Elbertina@gmail.com,worker
866,Brena,Tiffa,Brena.Tiffa@yopmail.com,Brena.Tiffa@gmail.com,police officer
867,Annabela,Atonsah,Annabela.Atonsah@yopmail.com,Annabela.Atonsah@gmail.com,doctor
868,Correy,Vorster,Correy.Vorster@yopmail.com,Correy.Vorster@gmail.com,developer
869,Gisela,Behre,Gisela.Behre@yopmail.com,Gisela.Behre@gmail.com,doctor
870,Jerry,Weaks,Jerry.Weaks@yopmail.com,Jerry.Weaks@gmail.com,worker
871,Beatriz,Liebermann,Beatriz.Liebermann@yopmail.com,Beatriz.Liebermann@gmail.com,firefighter
872,Roxane,Lory,Roxane.Lory@yopmail.com,Roxane.Lory@gmail.com,worker
873,Konstance,Gilbertson,Konstance.Gilbertson@yopmail.com,Konstance.Gilbertson@gmail.com,firefighter
874,Sissy,Moina,Sissy.Moina@yopmail.com,Sissy.Moina@gmail.com,firefighter
875,Tatiania,Barrus,Tatiania.Barrus@yopmail.com,Tatiania.Barrus@gmail.com,doctor
876,Charlena,Drisko,Charlena.Drisko@yopmail.com,Charlena.Drisko@gmail.com,worker
877,Gratia,Ioab,Gratia.Ioab@yopmail.com,Gratia.Ioab@gmail.com,police officer
878,Arlina,Hoban,Arlina.Hoban@yopmail.com,Arlina.Hoban@gmail.com,developer
879,Judy,Clywd,Judy.Clywd@yopmail.com,Judy.Clywd@gmail.com,police officer
880,Kathy,Kylander,Kathy.Kylander@yopmail.com,Kathy.Kylander@gmail.com,firefighter
881,Carolina,Beniamino,Carolina.Beniamino@yopmail.com,Carolina.Beniamino@gmail.com,police officer
882,Madelle,Gordon,Madelle.Gordon@yopmail.com,Madelle.Gordon@gmail.com,worker
883,Nataline,Ciapas,Nataline.Ciapas@yopmail.com,Nataline.Ciapas@gmail.com,doctor
884,Addia,Bashemeth,Addia.Bashemeth@yopmail.com,Addia.Bashemeth@gmail.com,developer
885,Reeba,Blake,Reeba.Blake@yopmail.com,Reeba.Blake@gmail.com,doctor
886,Feliza,Erminia,Feliza.Erminia@yopmail.com,Feliza.Erminia@gmail.com,doctor
887,Millie,Malvino,Millie.Malvino@yopmail.com,Millie.Malvino@gmail.com,police officer
888,Babita,Emmy,Babita.Emmy@yopmail.com,Babita.Emmy@gmail.com,firefighter
889,Bettine,Lissi,Bettine.Lissi@yopmail.com,Bettine.Lissi@gmail.com,doctor
890,Zia,Helve,Zia.Helve@yopmail.com,Zia.Helve@gmail.com,firefighter
891,Lucy,Terrence,Lucy.Terrence@yopmail.com,Lucy.Terrence@gmail.com,developer
892,Rozele,Obed,Rozele.Obed@yopmail.com,Rozele.Obed@gmail.com,worker
893,Frances,Chapland,Frances.Chapland@yopmail.com,Frances.Chapland@gmail.com,doctor
894,Priscilla,Elisha,Priscilla.Elisha@yopmail.com,Priscilla.Elisha@gmail.com,doctor
895,Viviene,Lacombe,Viviene.Lacombe@yopmail.com,Viviene.Lacombe@gmail.com,firefighter
896,Annecorinne,Stefa,Annecorinne.Stefa@yopmail.com,Annecorinne.Stefa@gmail.com,developer
897,Rozele,Mozelle,Rozele.Mozelle@yopmail.com,Rozele.Mozelle@gmail.com,firefighter
898,Edith,Pacorro,Edith.Pacorro@yopmail.com,Edith.Pacorro@gmail.com,doctor
899,Lelah,Kress,Lelah.Kress@yopmail.com,Lelah.Kress@gmail.com,worker
900,Vita,Dreda,Vita.Dreda@yopmail.com,Vita.Dreda@gmail.com,police officer
901,Marcelline,Nisbet,Marcelline.Nisbet@yopmail.com,Marcelline.Nisbet@gmail.com,worker
902,Madelle,Claudine,Madelle.Claudine@yopmail.com,Madelle.Claudine@gmail.com,firefighter
903,Carree,Callista,Carree.Callista@yopmail.com,Carree.Callista@gmail.com,developer
904,Binny,Nicoline,Binny.Nicoline@yopmail.com,Binny.Nicoline@gmail.com,worker
905,Ardeen,Maurine,Ardeen.Maurine@yopmail.com,Ardeen.Maurine@gmail.com,worker
906,Elora,Ferrell,Elora.Ferrell@yopmail.com,Elora.Ferrell@gmail.com,firefighter
907,Verla,Hoban,Verla.Hoban@yopmail.com,Verla.Hoban@gmail.com,developer
908,Brianna,Lilas,Brianna.Lilas@yopmail.com,Brianna.Lilas@gmail.com,doctor
909,Siana,Heidt,Siana.Heidt@yopmail.com,Siana.Heidt@gmail.com,firefighter
910,Candy,Drus,Candy.Drus@yopmail.com,Candy.Drus@gmail.com,firefighter
911,Mady,Vharat,Mady.Vharat@yopmail.com,Mady.Vharat@gmail.com,firefighter
912,Odessa,Brodench,Odessa.Brodench@yopmail.com,Odessa.Brodench@gmail.com,firefighter
913,Jacquetta,Jacobah,Jacquetta.Jacobah@yopmail.com,Jacquetta.Jacobah@gmail.com,firefighter
914,Chrystel,Holtz,Chrystel.Holtz@yopmail.com,Chrystel.Holtz@gmail.com,police officer
915,Coral,Schlosser,Coral.Schlosser@yopmail.com,Coral.Schlosser@gmail.com,police officer
916,Amii,Vanni,Amii.Vanni@yopmail.com,Amii.Vanni@gmail.com,doctor
917,Bernie,Shaddock,Bernie.Shaddock@yopmail.com,Bernie.Shaddock@gmail.com,firefighter
918,Lucille,Mich,Lucille.Mich@yopmail.com,Lucille.Mich@gmail.com,firefighter
919,Katleen,O'Neill,Katleen.O'Neill@yopmail.com,Katleen.O'Neill@gmail.com,police officer
920,Ida,Dulciana,Ida.Dulciana@yopmail.com,Ida.Dulciana@gmail.com,firefighter
921,Christian,Land,Christian.Land@yopmail.com,Christian.Land@gmail.com,police officer
922,Clarice,Urias,Clarice.Urias@yopmail.com,Clarice.Urias@gmail.com,doctor
923,Andree,Garrison,Andree.Garrison@yopmail.com,Andree.Garrison@gmail.com,police officer
924,Dede,Eben,Dede.Eben@yopmail.com,Dede.Eben@gmail.com,developer
925,Darlleen,Randene,Darlleen.Randene@yopmail.com,Darlleen.Randene@gmail.com,police officer
926,Lilith,Rozanna,Lilith.Rozanna@yopmail.com,Lilith.Rozanna@gmail.com,developer
927,Caritta,Sigfrid,Caritta.Sigfrid@yopmail.com,Caritta.Sigfrid@gmail.com,firefighter
928,Averyl,Oriana,Averyl.Oriana@yopmail.com,Averyl.Oriana@gmail.com,firefighter
929,Tori,Jess,Tori.Jess@yopmail.com,Tori.Jess@gmail.com,developer
930,Ira,Albertine,Ira.Albertine@yopmail.com,Ira.Albertine@gmail.com,doctor
931,Amii,Earlie,Amii.Earlie@yopmail.com,Amii.Earlie@gmail.com,worker
932,Bobinette,Madelene,Bobinette.Madelene@yopmail.com,Bobinette.Madelene@gmail.com,worker
933,Celestyna,Tound,Celestyna.Tound@yopmail.com,Celestyna.Tound@gmail.com,worker
934,Maurene,Deegan,Maurene.Deegan@yopmail.com,Maurene.Deegan@gmail.com,worker
935,Tani,Mayeda,Tani.Mayeda@yopmail.com,Tani.Mayeda@gmail.com,doctor
936,Harmonia,Whittaker,Harmonia.Whittaker@yopmail.com,Harmonia.Whittaker@gmail.com,police officer
937,Mathilda,Seessel,Mathilda.Seessel@yopmail.com,Mathilda.Seessel@gmail.com,doctor
938,Kylynn,Kylander,Kylynn.Kylander@yopmail.com,Kylynn.Kylander@gmail.com,firefighter
939,Celisse,Heisel,Celisse.Heisel@yopmail.com,Celisse.Heisel@gmail.com,developer
940,Gloria,Stoller,Gloria.Stoller@yopmail.com,Gloria.Stoller@gmail.com,firefighter
941,Ursulina,Weide,Ursulina.Weide@yopmail.com,Ursulina.Weide@gmail.com,developer
942,Lenna,Thilda,Lenna.Thilda@yopmail.com,Lenna.Thilda@gmail.com,worker
943,Gale,Aprile,Gale.Aprile@yopmail.com,Gale.Aprile@gmail.com,police officer
944,Di,Brackely,Di.Brackely@yopmail.com,Di.Brackely@gmail.com,police officer
945,Jan,Munn,Jan.Munn@yopmail.com,Jan.Munn@gmail.com,worker
946,Gwenneth,Anastatius,Gwenneth.Anastatius@yopmail.com,Gwenneth.Anastatius@gmail.com,doctor
947,Correy,Colleen,Correy.Colleen@yopmail.com,Correy.Colleen@gmail.com,doctor
948,Latisha,Cynar,Latisha.Cynar@yopmail.com,Latisha.Cynar@gmail.com,developer
949,Myrtice,Malina,Myrtice.Malina@yopmail.com,Myrtice.Malina@gmail.com,firefighter
950,Elora,Pacorro,Elora.Pacorro@yopmail.com,Elora.Pacorro@gmail.com,worker
951,Odessa,Giff,Odessa.Giff@yopmail.com,Odessa.Giff@gmail.com,worker
952,June,Jefferey,June.Jefferey@yopmail.com,June.Jefferey@gmail.com,firefighter
953,Camile,Fink,Camile.Fink@yopmail.com,Camile.Fink@gmail.com,police officer
954,Donnie,Cecile,Donnie.Cecile@yopmail.com,Donnie.Cecile@gmail.com,doctor
955,Janey,Dichy,Janey.Dichy@yopmail.com,Janey.Dichy@gmail.com,police officer
956,Lacie,Jethro,Lacie.Jethro@yopmail.com,Lacie.Jethro@gmail.com,developer
957,Merci,Iphlgenia,Merci.Iphlgenia@yopmail.com,Merci.Iphlgenia@gmail.com,developer
958,Lila,O'Neill,Lila.O'Neill@yopmail.com,Lila.O'Neill@gmail.com,worker
959,Aubrie,Honoria,Aubrie.Honoria@yopmail.com,Aubrie.Honoria@gmail.com,police officer
960,Orsola,Nea,Orsola.Nea@yopmail.com,Orsola.Nea@gmail.com,firefighter
961,Roxane,Middleton,Roxane.Middleton@yopmail.com,Roxane.Middleton@gmail.com,firefighter
962,Jany,Eckblad,Jany.Eckblad@yopmail.com,Jany.Eckblad@gmail.com,firefighter
963,Jany,Bakerman,Jany.Bakerman@yopmail.com,Jany.Bakerman@gmail.com,police officer
964,Lexine,Fiester,Lexine.Fiester@yopmail.com,Lexine.Fiester@gmail.com,police officer
965,Harrietta,Randene,Harrietta.Randene@yopmail.com,Harrietta.Randene@gmail.com,firefighter
966,Ericka,Colleen,Ericka.Colleen@yopmail.com,Ericka.Colleen@gmail.com,developer
967,Kathi,Rad,Kathi.Rad@yopmail.com,Kathi.Rad@gmail.com,worker
968,Blake,Oriana,Blake.Oriana@yopmail.com,Blake.Oriana@gmail.com,worker
969,Danika,Euridice,Danika.Euridice@yopmail.com,Danika.Euridice@gmail.com,doctor
970,Jorry,Tacye,Jorry.Tacye@yopmail.com,Jorry.Tacye@gmail.com,worker
971,Antonietta,Schalles,Antonietta.Schalles@yopmail.com,Antonietta.Schalles@gmail.com,worker
972,Barbi,Pond,Barbi.Pond@yopmail.com,Barbi.Pond@gmail.com,firefighter
973,Harmonia,Sherrie,Harmonia.Sherrie@yopmail.com,Harmonia.Sherrie@gmail.com,firefighter
974,Helsa,Ruvolo,Helsa.Ruvolo@yopmail.com,Helsa.Ruvolo@gmail.com,developer
975,Lynde,Constancy,Lynde.Constancy@yopmail.com,Lynde.Constancy@gmail.com,doctor
976,Kylynn,Screens,Kylynn.Screens@yopmail.com,Kylynn.Screens@gmail.com,worker
977,Lelah,Hieronymus,Lelah.Hieronymus@yopmail.com,Lelah.Hieronymus@gmail.com,police officer
978,Merle,Shuler,Merle.Shuler@yopmail.com,Merle.Shuler@gmail.com,doctor
979,Debee,Teddman,Debee.Teddman@yopmail.com,Debee.Teddman@gmail.com,police officer
980,Jessamyn,Joeann,Jessamyn.Joeann@yopmail.com,Jessamyn.Joeann@gmail.com,doctor
981,Selma,Giule,Selma.Giule@yopmail.com,Selma.Giule@gmail.com,doctor
982,Goldie,Zaslow,Goldie.Zaslow@yopmail.com,Goldie.Zaslow@gmail.com,police officer
983,Tatiania,Adore,Tatiania.Adore@yopmail.com,Tatiania.Adore@gmail.com,developer
984,Beth,Brackely,Beth.Brackely@yopmail.com,Beth.Brackely@gmail.com,firefighter
985,Aurore,Santoro,Aurore.Santoro@yopmail.com,Aurore.Santoro@gmail.com,police officer
986,Felice,Stuart,Felice.Stuart@yopmail.com,Felice.Stuart@gmail.com,police officer
987,Dennie,Jerald,Dennie.Jerald@yopmail.com,Dennie.Jerald@gmail.com,police officer
988,Cherilyn,Laurianne,Cherilyn.Laurianne@yopmail.com,Cherilyn.Laurianne@gmail.com,developer
989,Delilah,McGrody,Delilah.McGrody@yopmail.com,Delilah.McGrody@gmail.com,police officer
990,Phylis,Henrie,Phylis.Henrie@yopmail.com,Phylis.Henrie@gmail.com,developer
991,Brooks,Neils,Brooks.Neils@yopmail.com,Brooks.Neils@gmail.com,worker
992,Libbie,Libna,Libbie.Libna@yopmail.com,Libbie.Libna@gmail.com,firefighter
993,Perry,Arathorn,Perry.Arathorn@yopmail.com,Perry.Arathorn@gmail.com,firefighter
994,Roberta,Mayeda,Roberta.Mayeda@yopmail.com,Roberta.Mayeda@gmail.com,police officer
995,Zsa Zsa,Fiester,Zsa Zsa.Fiester@yopmail.com,Zsa Zsa.Fiester@gmail.com,doctor
996,Janenna,Dorothy,Janenna.Dorothy@yopmail.com,Janenna.Dorothy@gmail.com,developer
997,Aurore,Peg,Aurore.Peg@yopmail.com,Aurore.Peg@gmail.com,firefighter
998,Mamie,Moseley,Mamie.Moseley@yopmail.com,Mamie.Moseley@gmail.com,developer
999,Shauna,Rocray,Shauna.Rocray@yopmail.com,Shauna.Rocray@gmail.com,developer
1000,Zondra,Lorenz,Zondra.Lorenz@yopmail.com,Zondra.Lorenz@gmail.com,developer
1001,Jaclyn,Leffen,Jaclyn.Leffen@yopmail.com,Jaclyn.Leffen@gmail.com,doctor
1002,Roz,Daveta,Roz.Daveta@yopmail.com,Roz.Daveta@gmail.com,worker
1003,Elie,Felecia,Elie.Felecia@yopmail.com,Elie.Felecia@gmail.com,worker
1004,Joane,Wenoa,Joane.Wenoa@yopmail.com,Joane.Wenoa@gmail.com,developer
1005,Hettie,Longfellow,Hettie.Longfellow@yopmail.com,Hettie.Longfellow@gmail.com,developer
1006,Demetris,Fairweather,Demetris.Fairweather@yopmail.com,Demetris.Fairweather@gmail.com,police officer
1007,Cherrita,Iaverne,Cherrita.Iaverne@yopmail.com,Cherrita.Iaverne@gmail.com,doctor
1008,Ninnetta,Malvino,Ninnetta.Malvino@yopmail.com,Ninnetta.Malvino@gmail.com,worker
1009,Dacia,Posner,Dacia.Posner@yopmail.com,Dacia.Posner@gmail.com,worker
1010,Karly,Urania,Karly.Urania@yopmail.com,Karly.Urania@gmail.com,developer
1011,Dotty,Himelman,Dotty.Himelman@yopmail.com,Dotty.Himelman@gmail.com,developer
1012,Ardys,Nerita,Ardys.Nerita@yopmail.com,Ardys.Nerita@gmail.com,doctor
1013,Florie,Merna,Florie.Merna@yopmail.com,Florie.Merna@gmail.com,police officer
1014,Hope,Selway,Hope.Selway@yopmail.com,Hope.Selway@gmail.com,police officer
1015,Almeta,Shuler,Almeta.Shuler@yopmail.com,Almeta.Shuler@gmail.com,worker
1016,Clementine,Felecia,Clementine.Felecia@yopmail.com,Clementine.Felecia@gmail.com,worker
1017,Leia,Jammal,Leia.Jammal@yopmail.com,Leia.Jammal@gmail.com,firefighter
1018,Annaliese,Halla,Annaliese.Halla@yopmail.com,Annaliese.Halla@gmail.com,doctor
1019,Deane,Flyn,Deane.Flyn@yopmail.com,Deane.Flyn@gmail.com,developer
1020,Sadie,Pulsifer,Sadie.Pulsifer@yopmail.com,Sadie.Pulsifer@gmail.com,firefighter
1021,Aaren,Longfellow,Aaren.Longfellow@yopmail.com,Aaren.Longfellow@gmail.com,police officer
1022,Kelly,Shaver,Kelly.Shaver@yopmail.com,Kelly.Shaver@gmail.com,worker
1023,Morganica,Rebecka,Morganica.Rebecka@yopmail.com,Morganica.Rebecka@gmail.com,firefighter
1024,Robinia,Earlie,Robinia.Earlie@yopmail.com,Robinia.Earlie@gmail.com,firefighter
1025,Catharine,Strephon,Catharine.Strephon@yopmail.com,Catharine.Strephon@gmail.com,doctor
1026,Frank,Joeann,Frank.Joeann@yopmail.com,Frank.Joeann@gmail.com,police officer
1027,Caritta,Bury,Caritta.Bury@yopmail.com,Caritta.Bury@gmail.com,developer
1028,Alleen,Hull,Alleen.Hull@yopmail.com,Alleen.Hull@gmail.com,developer
1029,Elena,Hunfredo,Elena.Hunfredo@yopmail.com,Elena.Hunfredo@gmail.com,police officer
1030,Cam,Ackerley,Cam.Ackerley@yopmail.com,Cam.Ackerley@gmail.com,developer
1031,Amelia,Blisse,Amelia.Blisse@yopmail.com,Amelia.Blisse@gmail.com,developer
1032,Orsola,Revkah,Orsola.Revkah@yopmail.com,Orsola.Revkah@gmail.com,firefighter
1033,Elbertina,Amadas,Elbertina.Amadas@yopmail.com,Elbertina.Amadas@gmail.com,developer
1034,Kara-Lynn,Koziara,Kara-Lynn.Koziara@yopmail.com,Kara-Lynn.Koziara@gmail.com,developer
1035,Annora,Moseley,Annora.Moseley@yopmail.com,Annora.Moseley@gmail.com,developer
1036,Yolane,Arvo,Yolane.Arvo@yopmail.com,Yolane.Arvo@gmail.com,developer
1037,Aeriela,Cecile,Aeriela.Cecile@yopmail.com,Aeriela.Cecile@gmail.com,firefighter
1038,Glynnis,Center,Glynnis.Center@yopmail.com,Glynnis.Center@gmail.com,worker
1039,Sue,Hanleigh,Sue.Hanleigh@yopmail.com,Sue.Hanleigh@gmail.com,worker
1040,Carilyn,Letsou,Carilyn.Letsou@yopmail.com,Carilyn.Letsou@gmail.com,doctor
1041,Rivalee,Chem,Rivalee.Chem@yopmail.com,Rivalee.Chem@gmail.com,firefighter
1042,Vevay,Stilwell,Vevay.Stilwell@yopmail.com,Vevay.Stilwell@gmail.com,firefighter
1043,Claresta,Melleta,Claresta.Melleta@yopmail.com,Claresta.Melleta@gmail.com,doctor
1044,Susette,Swanhildas,Susette.Swanhildas@yopmail.com,Susette.Swanhildas@gmail.com,police officer
1045,Goldie,Evvie,Goldie.Evvie@yopmail.com,Goldie.Evvie@gmail.com,worker
1046,Donetta,Toor,Donetta.Toor@yopmail.com,Donetta.Toor@gmail.com,developer
1047,Ursulina,Boycey,Ursulina.Boycey@yopmail.com,Ursulina.Boycey@gmail.com,worker
1048,Silvana,Sammons,Silvana.Sammons@yopmail.com,Silvana.Sammons@gmail.com,police officer
1049,Frieda,Tayib,Frieda.Tayib@yopmail.com,Frieda.Tayib@gmail.com,firefighter
1050,Helsa,Elvyn,Helsa.Elvyn@yopmail.com,Helsa.Elvyn@gmail.com,firefighter
1051,Carolina,Schroth,Carolina.Schroth@yopmail.com,Carolina.Schroth@gmail.com,worker
1052,Bobbi,Gibbeon,Bobbi.Gibbeon@yopmail.com,Bobbi.Gibbeon@gmail.com,firefighter
1053,Jere,Buffum,Jere.Buffum@yopmail.com,Jere.Buffum@gmail.com,developer
1054,Phylis,Sinegold,Phylis.Sinegold@yopmail.com,Phylis.Sinegold@gmail.com,firefighter
1055,Laurene,Jary,Laurene.Jary@yopmail.com,Laurene.Jary@gmail.com,developer
1056,Leeanne,Pitt,Leeanne.Pitt@yopmail.com,Leeanne.Pitt@gmail.com,police officer
1057,Kylynn,Durware,Kylynn.Durware@yopmail.com,Kylynn.Durware@gmail.com,firefighter
1058,Jacenta,Susannah,Jacenta.Susannah@yopmail.com,Jacenta.Susannah@gmail.com,developer
1059,Nanete,Pandolfi,Nanete.Pandolfi@yopmail.com,Nanete.Pandolfi@gmail.com,firefighter
1060,Queenie,Brady,Queenie.Brady@yopmail.com,Queenie.Brady@gmail.com,developer
1061,Olwen,Milson,Olwen.Milson@yopmail.com,Olwen.Milson@gmail.com,firefighter
1062,Shell,Izaak,Shell.Izaak@yopmail.com,Shell.Izaak@gmail.com,developer
1063,Cassondra,Robertson,Cassondra.Robertson@yopmail.com,Cassondra.Robertson@gmail.com,police officer
1064,Aaren,Stilwell,Aaren.Stilwell@yopmail.com,Aaren.Stilwell@gmail.com,police officer
1065,Roseline,Nikaniki,Roseline.Nikaniki@yopmail.com,Roseline.Nikaniki@gmail.com,developer
1066,Valera,Milde,Valera.Milde@yopmail.com,Valera.Milde@gmail.com,worker
1067,Courtnay,Nea,Courtnay.Nea@yopmail.com,Courtnay.Nea@gmail.com,developer
1068,Frieda,McCutcheon,Frieda.McCutcheon@yopmail.com,Frieda.McCutcheon@gmail.com,firefighter
1069,Modestia,Kare,Modestia.Kare@yopmail.com,Modestia.Kare@gmail.com,worker
1070,Rubie,Philoo,Rubie.Philoo@yopmail.com,Rubie.Philoo@gmail.com,developer
1071,Eve,Virgin,Eve.Virgin@yopmail.com,Eve.Virgin@gmail.com,firefighter
1072,Hyacinthe,Sholley,Hyacinthe.Sholley@yopmail.com,Hyacinthe.Sholley@gmail.com,developer
1073,Carmela,Oneida,Carmela.Oneida@yopmail.com,Carmela.Oneida@gmail.com,firefighter
1074,Justinn,Olympium,Justinn.Olympium@yopmail.com,Justinn.Olympium@gmail.com,developer
1075,Darlleen,Vittoria,Darlleen.Vittoria@yopmail.com,Darlleen.Vittoria@gmail.com,worker
1076,Lynde,Smitt,Lynde.Smitt@yopmail.com,Lynde.Smitt@gmail.com,worker
1077,Georgetta,Dituri,Georgetta.Dituri@yopmail.com,Georgetta.Dituri@gmail.com,police officer
1078,Renae,Raffo,Renae.Raffo@yopmail.com,Renae.Raffo@gmail.com,firefighter
1079,Claudina,Zola,Claudina.Zola@yopmail.com,Claudina.Zola@gmail.com,worker
1080,Shannah,Vivle,Shannah.Vivle@yopmail.com,Shannah.Vivle@gmail.com,doctor
1081,Lily,Bow,Lily.Bow@yopmail.com,Lily.Bow@gmail.com,firefighter
1082,Collen,Elvyn,Collen.Elvyn@yopmail.com,Collen.Elvyn@gmail.com,police officer
1083,Lila,Knowling,Lila.Knowling@yopmail.com,Lila.Knowling@gmail.com,doctor
1084,Norine,Vernier,Norine.Vernier@yopmail.com,Norine.Vernier@gmail.com,worker
1085,Leanna,Goerke,Leanna.Goerke@yopmail.com,Leanna.Goerke@gmail.com,developer
1086,Gisela,Herrera,Gisela.Herrera@yopmail.com,Gisela.Herrera@gmail.com,worker
1087,Merle,Kimmie,Merle.Kimmie@yopmail.com,Merle.Kimmie@gmail.com,firefighter
1088,Violet,Weide,Violet.Weide@yopmail.com,Violet.Weide@gmail.com,developer
1089,Tarra,Rocray,Tarra.Rocray@yopmail.com,Tarra.Rocray@gmail.com,worker
1090,Latisha,Ortrude,Latisha.Ortrude@yopmail.com,Latisha.Ortrude@gmail.com,firefighter
1091,Tina,Raul,Tina.Raul@yopmail.com,Tina.Raul@gmail.com,worker
1092,Hildegaard,Johanna,Hildegaard.Johanna@yopmail.com,Hildegaard.Johanna@gmail.com,worker
1093,Inga,Emerson,Inga.Emerson@yopmail.com,Inga.Emerson@gmail.com,worker
1094,Courtnay,MacIntosh,Courtnay.MacIntosh@yopmail.com,Courtnay.MacIntosh@gmail.com,worker
1095,Melodie,Annabella,Melodie.Annabella@yopmail.com,Melodie.Annabella@gmail.com,firefighter
1096,Drucie,Hurley,Drucie.Hurley@yopmail.com,Drucie.Hurley@gmail.com,firefighter
1097,Mariele,Colbert,Mariele.Colbert@yopmail.com,Mariele.Colbert@gmail.com,police officer
1098,Florencia,McLaughlin,Florencia.McLaughlin@yopmail.com,Florencia.McLaughlin@gmail.com,doctor
1099,Sue,Francene,Sue.Francene@yopmail.com,Sue.Francene@gmail.com,worker